InvoiceID,InvoiceDate,CustomerID,UnitPrice,Quantity,Sales
1,1/1/2008 0:00,2,0.99,4,3.96
1,1/1/2008 0:00,2,0.99,4,3.96
2,1/2/2008 0:00,4,0.99,1,0.99
2,1/2/2008 0:00,4,0.99,2,1.98
2,1/2/2008 0:00,4,0.99,2,1.98
2,1/2/2008 0:00,4,0.99,5,4.95
3,1/3/2008 0:00,8,0.99,1,0.99
3,1/3/2008 0:00,8,0.99,2,1.98
3,1/3/2008 0:00,8,0.99,2,1.98
3,1/3/2008 0:00,8,0.99,4,3.96
3,1/3/2008 0:00,8,0.99,5,4.95
3,1/3/2008 0:00,8,0.99,5,4.95
4,1/6/2008 0:00,14,0.99,1,0.99
4,1/6/2008 0:00,14,0.99,2,1.98
4,1/6/2008 0:00,14,0.99,3,2.97
4,1/6/2008 0:00,14,0.99,3,2.97
4,1/6/2008 0:00,14,0.99,3,2.97
4,1/6/2008 0:00,14,0.99,5,4.95
4,1/6/2008 0:00,14,0.99,5,4.95
4,1/6/2008 0:00,14,0.99,5,4.95
4,1/6/2008 0:00,14,0.99,5,4.95
5,1/11/2008 0:00,23,0.99,1,0.99
5,1/11/2008 0:00,23,0.99,2,1.98
5,1/11/2008 0:00,23,0.99,2,1.98
5,1/11/2008 0:00,23,0.99,2,1.98
5,1/11/2008 0:00,23,0.99,2,1.98
5,1/11/2008 0:00,23,0.99,2,1.98
5,1/11/2008 0:00,23,0.99,3,2.97
5,1/11/2008 0:00,23,0.99,3,2.97
5,1/11/2008 0:00,23,0.99,4,3.96
5,1/11/2008 0:00,23,0.99,4,3.96
5,1/11/2008 0:00,23,0.99,4,3.96
5,1/11/2008 0:00,23,0.99,4,3.96
5,1/11/2008 0:00,23,0.99,5,4.95
5,1/11/2008 0:00,23,0.99,5,4.95
6,1/19/2008 0:00,37,0.99,2,1.98
8,2/1/2008 0:00,40,0.99,1,0.99
7,2/1/2008 0:00,38,0.99,1,0.99
7,2/1/2008 0:00,38,0.99,2,1.98
8,2/1/2008 0:00,40,0.99,3,2.97
9,2/2/2008 0:00,42,0.99,1,0.99
9,2/2/2008 0:00,42,0.99,2,1.98
9,2/2/2008 0:00,42,0.99,5,4.95
9,2/2/2008 0:00,42,0.99,5,4.95
10,2/3/2008 0:00,46,0.99,1,0.99
10,2/3/2008 0:00,46,0.99,4,3.96
10,2/3/2008 0:00,46,0.99,4,3.96
10,2/3/2008 0:00,46,0.99,5,4.95
10,2/3/2008 0:00,46,0.99,5,4.95
10,2/3/2008 0:00,46,0.99,5,4.95
11,2/6/2008 0:00,52,0.99,2,1.98
11,2/6/2008 0:00,52,0.99,2,1.98
11,2/6/2008 0:00,52,0.99,3,2.97
11,2/6/2008 0:00,52,0.99,3,2.97
11,2/6/2008 0:00,52,0.99,4,3.96
11,2/6/2008 0:00,52,0.99,5,4.95
11,2/6/2008 0:00,52,0.99,5,4.95
11,2/6/2008 0:00,52,0.99,5,4.95
11,2/6/2008 0:00,52,0.99,5,4.95
12,2/11/2008 0:00,2,0.99,1,0.99
12,2/11/2008 0:00,2,0.99,1,0.99
12,2/11/2008 0:00,2,0.99,1,0.99
12,2/11/2008 0:00,2,0.99,2,1.98
12,2/11/2008 0:00,2,0.99,2,1.98
12,2/11/2008 0:00,2,0.99,2,1.98
12,2/11/2008 0:00,2,0.99,2,1.98
12,2/11/2008 0:00,2,0.99,3,2.97
12,2/11/2008 0:00,2,0.99,3,2.97
12,2/11/2008 0:00,2,0.99,3,2.97
12,2/11/2008 0:00,2,0.99,3,2.97
12,2/11/2008 0:00,2,0.99,3,2.97
12,2/11/2008 0:00,2,0.99,3,2.97
12,2/11/2008 0:00,2,0.99,5,4.95
13,2/19/2008 0:00,16,0.99,4,3.96
15,3/4/2008 0:00,19,0.99,1,0.99
14,3/4/2008 0:00,17,0.99,1,0.99
14,3/4/2008 0:00,17,0.99,2,1.98
15,3/4/2008 0:00,19,0.99,4,3.96
16,3/5/2008 0:00,21,0.99,1,0.99
16,3/5/2008 0:00,21,0.99,3,2.97
16,3/5/2008 0:00,21,0.99,4,3.96
16,3/5/2008 0:00,21,0.99,5,4.95
17,3/6/2008 0:00,25,0.99,1,0.99
17,3/6/2008 0:00,25,0.99,1,0.99
17,3/6/2008 0:00,25,0.99,3,2.97
17,3/6/2008 0:00,25,0.99,4,3.96
17,3/6/2008 0:00,25,0.99,5,4.95
17,3/6/2008 0:00,25,0.99,5,4.95
18,3/9/2008 0:00,31,0.99,2,1.98
18,3/9/2008 0:00,31,0.99,2,1.98
18,3/9/2008 0:00,31,0.99,2,1.98
18,3/9/2008 0:00,31,0.99,3,2.97
18,3/9/2008 0:00,31,0.99,3,2.97
18,3/9/2008 0:00,31,0.99,4,3.96
18,3/9/2008 0:00,31,0.99,4,3.96
18,3/9/2008 0:00,31,0.99,4,3.96
18,3/9/2008 0:00,31,0.99,4,3.96
19,3/14/2008 0:00,40,0.99,1,0.99
19,3/14/2008 0:00,40,0.99,1,0.99
19,3/14/2008 0:00,40,0.99,1,0.99
19,3/14/2008 0:00,40,0.99,1,0.99
19,3/14/2008 0:00,40,0.99,2,1.98
19,3/14/2008 0:00,40,0.99,2,1.98
19,3/14/2008 0:00,40,0.99,3,2.97
19,3/14/2008 0:00,40,0.99,3,2.97
19,3/14/2008 0:00,40,0.99,4,3.96
19,3/14/2008 0:00,40,0.99,4,3.96
19,3/14/2008 0:00,40,0.99,4,3.96
19,3/14/2008 0:00,40,0.99,4,3.96
19,3/14/2008 0:00,40,0.99,4,3.96
19,3/14/2008 0:00,40,0.99,5,4.95
20,3/22/2008 0:00,54,0.99,4,3.96
21,4/4/2008 0:00,55,0.99,1,0.99
22,4/4/2008 0:00,57,0.99,3,2.97
22,4/4/2008 0:00,57,0.99,4,3.96
21,4/4/2008 0:00,55,0.99,5,4.95
23,4/5/2008 0:00,59,0.99,1,0.99
23,4/5/2008 0:00,59,0.99,1,0.99
23,4/5/2008 0:00,59,0.99,3,2.97
23,4/5/2008 0:00,59,0.99,3,2.97
24,4/6/2008 0:00,4,0.99,1,0.99
24,4/6/2008 0:00,4,0.99,1,0.99
24,4/6/2008 0:00,4,0.99,1,0.99
24,4/6/2008 0:00,4,0.99,2,1.98
24,4/6/2008 0:00,4,0.99,4,3.96
24,4/6/2008 0:00,4,0.99,5,4.95
25,4/9/2008 0:00,10,0.99,2,1.98
25,4/9/2008 0:00,10,0.99,2,1.98
25,4/9/2008 0:00,10,0.99,2,1.98
25,4/9/2008 0:00,10,0.99,3,2.97
25,4/9/2008 0:00,10,0.99,3,2.97
25,4/9/2008 0:00,10,0.99,3,2.97
25,4/9/2008 0:00,10,0.99,3,2.97
25,4/9/2008 0:00,10,0.99,4,3.96
25,4/9/2008 0:00,10,0.99,5,4.95
26,4/14/2008 0:00,19,0.99,1,0.99
26,4/14/2008 0:00,19,0.99,1,0.99
26,4/14/2008 0:00,19,0.99,1,0.99
26,4/14/2008 0:00,19,0.99,1,0.99
26,4/14/2008 0:00,19,0.99,1,0.99
26,4/14/2008 0:00,19,0.99,1,0.99
26,4/14/2008 0:00,19,0.99,2,1.98
26,4/14/2008 0:00,19,0.99,2,1.98
26,4/14/2008 0:00,19,0.99,2,1.98
26,4/14/2008 0:00,19,0.99,3,2.97
26,4/14/2008 0:00,19,0.99,3,2.97
26,4/14/2008 0:00,19,0.99,3,2.97
26,4/14/2008 0:00,19,0.99,5,4.95
26,4/14/2008 0:00,19,0.99,5,4.95
27,4/22/2008 0:00,33,0.99,1,0.99
29,5/5/2008 0:00,36,0.99,1,0.99
28,5/5/2008 0:00,34,0.99,1,0.99
29,5/5/2008 0:00,36,0.99,2,1.98
28,5/5/2008 0:00,34,0.99,2,1.98
30,5/6/2008 0:00,38,0.99,1,0.99
30,5/6/2008 0:00,38,0.99,1,0.99
30,5/6/2008 0:00,38,0.99,4,3.96
30,5/6/2008 0:00,38,0.99,5,4.95
31,5/7/2008 0:00,42,0.99,1,0.99
31,5/7/2008 0:00,42,0.99,2,1.98
31,5/7/2008 0:00,42,0.99,2,1.98
31,5/7/2008 0:00,42,0.99,3,2.97
31,5/7/2008 0:00,42,0.99,3,2.97
31,5/7/2008 0:00,42,0.99,4,3.96
32,5/10/2008 0:00,48,0.99,2,1.98
32,5/10/2008 0:00,48,0.99,3,2.97
32,5/10/2008 0:00,48,0.99,3,2.97
32,5/10/2008 0:00,48,0.99,4,3.96
32,5/10/2008 0:00,48,0.99,4,3.96
32,5/10/2008 0:00,48,0.99,4,3.96
32,5/10/2008 0:00,48,0.99,5,4.95
32,5/10/2008 0:00,48,0.99,5,4.95
32,5/10/2008 0:00,48,0.99,5,4.95
33,5/15/2008 0:00,57,0.99,1,0.99
33,5/15/2008 0:00,57,0.99,1,0.99
33,5/15/2008 0:00,57,0.99,1,0.99
33,5/15/2008 0:00,57,0.99,1,0.99
33,5/15/2008 0:00,57,0.99,2,1.98
33,5/15/2008 0:00,57,0.99,3,2.97
33,5/15/2008 0:00,57,0.99,3,2.97
33,5/15/2008 0:00,57,0.99,3,2.97
33,5/15/2008 0:00,57,0.99,3,2.97
33,5/15/2008 0:00,57,0.99,4,3.96
33,5/15/2008 0:00,57,0.99,4,3.96
33,5/15/2008 0:00,57,0.99,4,3.96
33,5/15/2008 0:00,57,0.99,4,3.96
33,5/15/2008 0:00,57,0.99,5,4.95
34,5/23/2008 0:00,12,0.99,2,1.98
36,6/5/2008 0:00,15,0.99,1,0.99
36,6/5/2008 0:00,15,0.99,2,1.98
35,6/5/2008 0:00,13,0.99,2,1.98
35,6/5/2008 0:00,13,0.99,2,1.98
37,6/6/2008 0:00,17,0.99,1,0.99
37,6/6/2008 0:00,17,0.99,3,2.97
37,6/6/2008 0:00,17,0.99,4,3.96
37,6/6/2008 0:00,17,0.99,4,3.96
38,6/7/2008 0:00,21,0.99,1,0.99
38,6/7/2008 0:00,21,0.99,1,0.99
38,6/7/2008 0:00,21,0.99,2,1.98
38,6/7/2008 0:00,21,0.99,3,2.97
38,6/7/2008 0:00,21,0.99,5,4.95
38,6/7/2008 0:00,21,0.99,5,4.95
39,6/10/2008 0:00,27,0.99,2,1.98
39,6/10/2008 0:00,27,0.99,2,1.98
39,6/10/2008 0:00,27,0.99,4,3.96
39,6/10/2008 0:00,27,0.99,5,4.95
39,6/10/2008 0:00,27,0.99,5,4.95
39,6/10/2008 0:00,27,0.99,5,4.95
39,6/10/2008 0:00,27,0.99,5,4.95
39,6/10/2008 0:00,27,0.99,3,2.97
39,6/10/2008 0:00,27,0.99,5,4.95
40,6/15/2008 0:00,36,0.99,1,0.99
40,6/15/2008 0:00,36,0.99,2,1.98
40,6/15/2008 0:00,36,0.99,3,2.97
40,6/15/2008 0:00,36,0.99,3,2.97
40,6/15/2008 0:00,36,0.99,4,3.96
40,6/15/2008 0:00,36,0.99,4,3.96
40,6/15/2008 0:00,36,0.99,4,3.96
40,6/15/2008 0:00,36,0.99,4,3.96
40,6/15/2008 0:00,36,0.99,4,3.96
40,6/15/2008 0:00,36,0.99,5,4.95
40,6/15/2008 0:00,36,0.99,5,4.95
40,6/15/2008 0:00,36,0.99,5,4.95
40,6/15/2008 0:00,36,0.99,5,4.95
40,6/15/2008 0:00,36,0.99,5,4.95
41,6/23/2008 0:00,50,0.99,3,2.97
42,7/6/2008 0:00,51,0.99,2,1.98
42,7/6/2008 0:00,51,0.99,3,2.97
43,7/6/2008 0:00,53,0.99,3,2.97
43,7/6/2008 0:00,53,0.99,5,4.95
44,7/7/2008 0:00,55,0.99,1,0.99
44,7/7/2008 0:00,55,0.99,1,0.99
44,7/7/2008 0:00,55,0.99,3,2.97
44,7/7/2008 0:00,55,0.99,5,4.95
45,7/8/2008 0:00,59,0.99,1,0.99
45,7/8/2008 0:00,59,0.99,1,0.99
45,7/8/2008 0:00,59,0.99,2,1.98
45,7/8/2008 0:00,59,0.99,4,3.96
45,7/8/2008 0:00,59,0.99,4,3.96
45,7/8/2008 0:00,59,0.99,5,4.95
46,7/11/2008 0:00,6,0.99,2,1.98
46,7/11/2008 0:00,6,0.99,2,1.98
46,7/11/2008 0:00,6,0.99,3,2.97
46,7/11/2008 0:00,6,0.99,4,3.96
46,7/11/2008 0:00,6,0.99,4,3.96
46,7/11/2008 0:00,6,0.99,4,3.96
46,7/11/2008 0:00,6,0.99,4,3.96
46,7/11/2008 0:00,6,0.99,5,4.95
46,7/11/2008 0:00,6,0.99,5,4.95
47,7/16/2008 0:00,15,0.99,2,1.98
47,7/16/2008 0:00,15,0.99,2,1.98
47,7/16/2008 0:00,15,0.99,2,1.98
47,7/16/2008 0:00,15,0.99,2,1.98
47,7/16/2008 0:00,15,0.99,3,2.97
47,7/16/2008 0:00,15,0.99,3,2.97
47,7/16/2008 0:00,15,0.99,3,2.97
47,7/16/2008 0:00,15,0.99,3,2.97
47,7/16/2008 0:00,15,0.99,3,2.97
47,7/16/2008 0:00,15,0.99,4,3.96
47,7/16/2008 0:00,15,0.99,4,3.96
47,7/16/2008 0:00,15,0.99,5,4.95
47,7/16/2008 0:00,15,0.99,5,4.95
47,7/16/2008 0:00,15,0.99,1,0.99
48,7/24/2008 0:00,29,0.99,2,1.98
50,8/6/2008 0:00,32,0.99,2,1.98
49,8/6/2008 0:00,30,0.99,3,2.97
49,8/6/2008 0:00,30,0.99,4,3.96
50,8/6/2008 0:00,32,0.99,5,4.95
51,8/7/2008 0:00,34,0.99,1,0.99
51,8/7/2008 0:00,34,0.99,3,2.97
51,8/7/2008 0:00,34,0.99,3,2.97
51,8/7/2008 0:00,34,0.99,5,4.95
52,8/8/2008 0:00,38,0.99,1,0.99
52,8/8/2008 0:00,38,0.99,3,2.97
52,8/8/2008 0:00,38,0.99,4,3.96
52,8/8/2008 0:00,38,0.99,4,3.96
52,8/8/2008 0:00,38,0.99,5,4.95
52,8/8/2008 0:00,38,0.99,5,4.95
53,8/11/2008 0:00,44,0.99,1,0.99
53,8/11/2008 0:00,44,0.99,2,1.98
53,8/11/2008 0:00,44,0.99,2,1.98
53,8/11/2008 0:00,44,0.99,3,2.97
53,8/11/2008 0:00,44,0.99,3,2.97
53,8/11/2008 0:00,44,0.99,4,3.96
53,8/11/2008 0:00,44,0.99,4,3.96
53,8/11/2008 0:00,44,0.99,4,3.96
53,8/11/2008 0:00,44,0.99,5,4.95
54,8/16/2008 0:00,53,0.99,1,0.99
54,8/16/2008 0:00,53,0.99,1,0.99
54,8/16/2008 0:00,53,0.99,1,0.99
54,8/16/2008 0:00,53,0.99,1,0.99
54,8/16/2008 0:00,53,0.99,1,0.99
54,8/16/2008 0:00,53,0.99,1,0.99
54,8/16/2008 0:00,53,0.99,3,2.97
54,8/16/2008 0:00,53,0.99,3,2.97
54,8/16/2008 0:00,53,0.99,3,2.97
54,8/16/2008 0:00,53,0.99,4,3.96
54,8/16/2008 0:00,53,0.99,4,3.96
54,8/16/2008 0:00,53,0.99,4,3.96
54,8/16/2008 0:00,53,0.99,5,4.95
54,8/16/2008 0:00,53,0.99,5,4.95
55,8/24/2008 0:00,8,0.99,5,4.95
56,9/6/2008 0:00,9,0.99,1,0.99
57,9/6/2008 0:00,11,0.99,4,3.96
57,9/6/2008 0:00,11,0.99,4,3.96
56,9/6/2008 0:00,9,0.99,5,4.95
58,9/7/2008 0:00,13,0.99,1,0.99
58,9/7/2008 0:00,13,0.99,2,1.98
58,9/7/2008 0:00,13,0.99,3,2.97
58,9/7/2008 0:00,13,0.99,5,4.95
59,9/8/2008 0:00,17,0.99,1,0.99
59,9/8/2008 0:00,17,0.99,1,0.99
59,9/8/2008 0:00,17,0.99,1,0.99
59,9/8/2008 0:00,17,0.99,2,1.98
59,9/8/2008 0:00,17,0.99,4,3.96
59,9/8/2008 0:00,17,0.99,4,3.96
60,9/11/2008 0:00,23,0.99,1,0.99
60,9/11/2008 0:00,23,0.99,3,2.97
60,9/11/2008 0:00,23,0.99,3,2.97
60,9/11/2008 0:00,23,0.99,3,2.97
60,9/11/2008 0:00,23,0.99,3,2.97
60,9/11/2008 0:00,23,0.99,4,3.96
60,9/11/2008 0:00,23,0.99,4,3.96
60,9/11/2008 0:00,23,0.99,5,4.95
60,9/11/2008 0:00,23,0.99,5,4.95
61,9/16/2008 0:00,32,0.99,1,0.99
61,9/16/2008 0:00,32,0.99,1,0.99
61,9/16/2008 0:00,32,0.99,1,0.99
61,9/16/2008 0:00,32,0.99,2,1.98
61,9/16/2008 0:00,32,0.99,3,2.97
61,9/16/2008 0:00,32,0.99,4,3.96
61,9/16/2008 0:00,32,0.99,4,3.96
61,9/16/2008 0:00,32,0.99,4,3.96
61,9/16/2008 0:00,32,0.99,4,3.96
61,9/16/2008 0:00,32,0.99,5,4.95
61,9/16/2008 0:00,32,0.99,5,4.95
61,9/16/2008 0:00,32,0.99,5,4.95
61,9/16/2008 0:00,32,0.99,5,4.95
61,9/16/2008 0:00,32,0.99,5,4.95
62,9/24/2008 0:00,46,0.99,3,2.97
63,10/7/2008 0:00,47,0.99,2,1.98
64,10/7/2008 0:00,49,0.99,2,1.98
63,10/7/2008 0:00,47,0.99,3,2.97
64,10/7/2008 0:00,49,0.99,5,4.95
65,10/8/2008 0:00,51,0.99,3,2.97
65,10/8/2008 0:00,51,0.99,1,0.99
65,10/8/2008 0:00,51,0.99,2,1.98
65,10/8/2008 0:00,51,0.99,4,3.96
66,10/9/2008 0:00,55,0.99,1,0.99
66,10/9/2008 0:00,55,0.99,1,0.99
66,10/9/2008 0:00,55,0.99,1,0.99
66,10/9/2008 0:00,55,0.99,2,1.98
66,10/9/2008 0:00,55,0.99,3,2.97
66,10/9/2008 0:00,55,0.99,5,4.95
67,10/12/2008 0:00,2,0.99,1,0.99
67,10/12/2008 0:00,2,0.99,1,0.99
67,10/12/2008 0:00,2,0.99,2,1.98
67,10/12/2008 0:00,2,0.99,2,1.98
67,10/12/2008 0:00,2,0.99,3,2.97
67,10/12/2008 0:00,2,0.99,4,3.96
67,10/12/2008 0:00,2,0.99,4,3.96
67,10/12/2008 0:00,2,0.99,4,3.96
67,10/12/2008 0:00,2,0.99,5,4.95
68,10/17/2008 0:00,11,0.99,1,0.99
68,10/17/2008 0:00,11,0.99,1,0.99
68,10/17/2008 0:00,11,0.99,2,1.98
68,10/17/2008 0:00,11,0.99,2,1.98
68,10/17/2008 0:00,11,0.99,3,2.97
68,10/17/2008 0:00,11,0.99,3,2.97
68,10/17/2008 0:00,11,0.99,3,2.97
68,10/17/2008 0:00,11,0.99,4,3.96
68,10/17/2008 0:00,11,0.99,4,3.96
68,10/17/2008 0:00,11,0.99,4,3.96
68,10/17/2008 0:00,11,0.99,4,3.96
68,10/17/2008 0:00,11,0.99,5,4.95
68,10/17/2008 0:00,11,0.99,5,4.95
68,10/17/2008 0:00,11,0.99,5,4.95
69,10/25/2008 0:00,25,0.99,1,0.99
70,11/7/2008 0:00,26,0.99,1,0.99
71,11/7/2008 0:00,28,0.99,1,0.99
71,11/7/2008 0:00,28,0.99,2,1.98
70,11/7/2008 0:00,26,0.99,4,3.96
72,11/8/2008 0:00,30,0.99,1,0.99
72,11/8/2008 0:00,30,0.99,4,3.96
72,11/8/2008 0:00,30,0.99,4,3.96
72,11/8/2008 0:00,30,0.99,5,4.95
73,11/9/2008 0:00,34,0.99,1,0.99
73,11/9/2008 0:00,34,0.99,1,0.99
73,11/9/2008 0:00,34,0.99,1,0.99
73,11/9/2008 0:00,34,0.99,3,2.97
73,11/9/2008 0:00,34,0.99,3,2.97
73,11/9/2008 0:00,34,0.99,3,2.97
74,11/12/2008 0:00,40,0.99,1,0.99
74,11/12/2008 0:00,40,0.99,2,1.98
74,11/12/2008 0:00,40,0.99,2,1.98
74,11/12/2008 0:00,40,0.99,2,1.98
74,11/12/2008 0:00,40,0.99,3,2.97
74,11/12/2008 0:00,40,0.99,3,2.97
74,11/12/2008 0:00,40,0.99,4,3.96
74,11/12/2008 0:00,40,0.99,4,3.96
74,11/12/2008 0:00,40,0.99,4,3.96
75,11/17/2008 0:00,49,0.99,1,0.99
75,11/17/2008 0:00,49,0.99,1,0.99
75,11/17/2008 0:00,49,0.99,2,1.98
75,11/17/2008 0:00,49,0.99,2,1.98
75,11/17/2008 0:00,49,0.99,2,1.98
75,11/17/2008 0:00,49,0.99,3,2.97
75,11/17/2008 0:00,49,0.99,3,2.97
75,11/17/2008 0:00,49,0.99,4,3.96
75,11/17/2008 0:00,49,0.99,4,3.96
75,11/17/2008 0:00,49,0.99,4,3.96
75,11/17/2008 0:00,49,0.99,4,3.96
75,11/17/2008 0:00,49,0.99,4,3.96
75,11/17/2008 0:00,49,0.99,5,4.95
75,11/17/2008 0:00,49,0.99,5,4.95
76,11/25/2008 0:00,4,0.99,5,4.95
77,12/8/2008 0:00,5,0.99,1,0.99
78,12/8/2008 0:00,7,0.99,3,2.97
78,12/8/2008 0:00,7,0.99,4,3.96
77,12/8/2008 0:00,5,0.99,4,3.96
79,12/9/2008 0:00,9,0.99,1,0.99
79,12/9/2008 0:00,9,0.99,2,1.98
79,12/9/2008 0:00,9,0.99,3,2.97
79,12/9/2008 0:00,9,0.99,5,4.95
80,12/10/2008 0:00,13,0.99,1,0.99
80,12/10/2008 0:00,13,0.99,1,0.99
80,12/10/2008 0:00,13,0.99,3,2.97
80,12/10/2008 0:00,13,0.99,3,2.97
80,12/10/2008 0:00,13,0.99,3,2.97
80,12/10/2008 0:00,13,0.99,4,3.96
81,12/13/2008 0:00,19,0.99,1,0.99
81,12/13/2008 0:00,19,0.99,2,1.98
81,12/13/2008 0:00,19,0.99,2,1.98
81,12/13/2008 0:00,19,0.99,3,2.97
81,12/13/2008 0:00,19,0.99,3,2.97
81,12/13/2008 0:00,19,0.99,3,2.97
81,12/13/2008 0:00,19,0.99,4,3.96
81,12/13/2008 0:00,19,0.99,4,3.96
81,12/13/2008 0:00,19,0.99,5,4.95
82,12/18/2008 0:00,28,0.99,1,0.99
82,12/18/2008 0:00,28,0.99,3,2.97
82,12/18/2008 0:00,28,0.99,3,2.97
82,12/18/2008 0:00,28,0.99,3,2.97
82,12/18/2008 0:00,28,0.99,3,2.97
82,12/18/2008 0:00,28,0.99,4,3.96
82,12/18/2008 0:00,28,0.99,4,3.96
82,12/18/2008 0:00,28,0.99,5,4.95
82,12/18/2008 0:00,28,0.99,5,4.95
82,12/18/2008 0:00,28,0.99,5,4.95
82,12/18/2008 0:00,28,0.99,5,4.95
82,12/18/2008 0:00,28,0.99,5,4.95
82,12/18/2008 0:00,28,0.99,5,4.95
82,12/18/2008 0:00,28,0.99,5,4.95
83,12/26/2008 0:00,42,0.99,5,4.95
85,1/8/2009 0:00,45,0.99,1,0.99
84,1/8/2009 0:00,43,0.99,5,4.95
84,1/8/2009 0:00,43,0.99,5,4.95
85,1/8/2009 0:00,45,0.99,5,4.95
86,1/9/2009 0:00,47,0.99,2,1.98
86,1/9/2009 0:00,47,0.99,3,2.97
86,1/9/2009 0:00,47,0.99,4,3.96
86,1/9/2009 0:00,47,0.99,5,4.95
87,1/10/2009 0:00,51,0.99,2,1.98
87,1/10/2009 0:00,51,0.99,3,2.97
87,1/10/2009 0:00,51,0.99,3,2.97
87,1/10/2009 0:00,51,0.99,5,4.95
87,1/10/2009 0:00,51,0.99,5,4.95
87,1/10/2009 0:00,51,1.99,4,7.96
88,1/13/2009 0:00,57,1.99,2,3.98
88,1/13/2009 0:00,57,1.99,2,3.98
88,1/13/2009 0:00,57,1.99,2,3.98
88,1/13/2009 0:00,57,1.99,2,3.98
88,1/13/2009 0:00,57,1.99,3,5.97
88,1/13/2009 0:00,57,1.99,3,5.97
88,1/13/2009 0:00,57,1.99,3,5.97
88,1/13/2009 0:00,57,1.99,4,7.96
88,1/13/2009 0:00,57,1.99,5,9.95
89,1/18/2009 0:00,7,0.99,1,0.99
89,1/18/2009 0:00,7,0.99,1,0.99
89,1/18/2009 0:00,7,0.99,1,0.99
89,1/18/2009 0:00,7,0.99,2,1.98
89,1/18/2009 0:00,7,0.99,3,2.97
89,1/18/2009 0:00,7,0.99,4,3.96
89,1/18/2009 0:00,7,0.99,5,4.95
89,1/18/2009 0:00,7,0.99,5,4.95
89,1/18/2009 0:00,7,0.99,5,4.95
89,1/18/2009 0:00,7,1.99,1,1.99
89,1/18/2009 0:00,7,1.99,2,3.98
89,1/18/2009 0:00,7,1.99,3,5.97
89,1/18/2009 0:00,7,1.99,4,7.96
89,1/18/2009 0:00,7,1.99,4,7.96
90,1/26/2009 0:00,21,0.99,4,3.96
91,2/8/2009 0:00,22,0.99,1,0.99
92,2/8/2009 0:00,24,0.99,1,0.99
91,2/8/2009 0:00,22,0.99,2,1.98
92,2/8/2009 0:00,24,0.99,5,4.95
93,2/9/2009 0:00,26,0.99,1,0.99
93,2/9/2009 0:00,26,0.99,2,1.98
93,2/9/2009 0:00,26,0.99,4,3.96
93,2/9/2009 0:00,26,0.99,4,3.96
94,2/10/2009 0:00,30,0.99,1,0.99
94,2/10/2009 0:00,30,0.99,2,1.98
94,2/10/2009 0:00,30,0.99,2,1.98
94,2/10/2009 0:00,30,0.99,4,3.96
94,2/10/2009 0:00,30,0.99,5,4.95
94,2/10/2009 0:00,30,0.99,5,4.95
95,2/13/2009 0:00,36,0.99,1,0.99
95,2/13/2009 0:00,36,0.99,2,1.98
95,2/13/2009 0:00,36,0.99,2,1.98
95,2/13/2009 0:00,36,0.99,2,1.98
95,2/13/2009 0:00,36,0.99,3,2.97
95,2/13/2009 0:00,36,0.99,4,3.96
95,2/13/2009 0:00,36,0.99,4,3.96
95,2/13/2009 0:00,36,0.99,5,4.95
95,2/13/2009 0:00,36,0.99,5,4.95
96,2/18/2009 0:00,45,0.99,1,0.99
96,2/18/2009 0:00,45,0.99,1,0.99
96,2/18/2009 0:00,45,0.99,2,1.98
96,2/18/2009 0:00,45,0.99,2,1.98
96,2/18/2009 0:00,45,0.99,3,2.97
96,2/18/2009 0:00,45,0.99,5,4.95
96,2/18/2009 0:00,45,1.99,1,1.99
96,2/18/2009 0:00,45,1.99,3,5.97
96,2/18/2009 0:00,45,1.99,3,5.97
96,2/18/2009 0:00,45,1.99,4,7.96
96,2/18/2009 0:00,45,1.99,5,9.95
96,2/18/2009 0:00,45,1.99,5,9.95
96,2/18/2009 0:00,45,1.99,5,9.95
96,2/18/2009 0:00,45,1.99,5,9.95
97,2/26/2009 0:00,59,1.99,2,3.98
99,3/11/2009 0:00,3,1.99,2,3.98
98,3/11/2009 0:00,1,1.99,2,3.98
99,3/11/2009 0:00,3,1.99,3,5.97
98,3/11/2009 0:00,1,1.99,5,9.95
100,3/12/2009 0:00,5,0.99,3,2.97
100,3/12/2009 0:00,5,0.99,4,3.96
100,3/12/2009 0:00,5,0.99,4,3.96
100,3/12/2009 0:00,5,0.99,5,4.95
101,3/13/2009 0:00,9,0.99,1,0.99
101,3/13/2009 0:00,9,0.99,1,0.99
101,3/13/2009 0:00,9,0.99,4,3.96
101,3/13/2009 0:00,9,0.99,5,4.95
101,3/13/2009 0:00,9,0.99,5,4.95
101,3/13/2009 0:00,9,0.99,5,4.95
102,3/16/2009 0:00,15,0.99,2,1.98
102,3/16/2009 0:00,15,0.99,3,2.97
102,3/16/2009 0:00,15,0.99,3,2.97
102,3/16/2009 0:00,15,0.99,5,4.95
102,3/16/2009 0:00,15,0.99,5,4.95
102,3/16/2009 0:00,15,0.99,5,4.95
102,3/16/2009 0:00,15,0.99,2,1.98
102,3/16/2009 0:00,15,0.99,4,3.96
102,3/16/2009 0:00,15,1.99,1,1.99
103,3/21/2009 0:00,24,0.99,1,0.99
103,3/21/2009 0:00,24,0.99,1,0.99
103,3/21/2009 0:00,24,0.99,1,0.99
103,3/21/2009 0:00,24,0.99,2,1.98
103,3/21/2009 0:00,24,0.99,2,1.98
103,3/21/2009 0:00,24,0.99,2,1.98
103,3/21/2009 0:00,24,0.99,3,2.97
103,3/21/2009 0:00,24,0.99,3,2.97
103,3/21/2009 0:00,24,0.99,4,3.96
103,3/21/2009 0:00,24,0.99,4,3.96
103,3/21/2009 0:00,24,0.99,4,3.96
103,3/21/2009 0:00,24,0.99,4,3.96
103,3/21/2009 0:00,24,1.99,3,5.97
103,3/21/2009 0:00,24,1.99,4,7.96
104,3/29/2009 0:00,38,0.99,5,4.95
106,4/11/2009 0:00,41,0.99,3,2.97
106,4/11/2009 0:00,41,0.99,4,3.96
105,4/11/2009 0:00,39,0.99,1,0.99
105,4/11/2009 0:00,39,0.99,1,0.99
107,4/12/2009 0:00,43,0.99,1,0.99
107,4/12/2009 0:00,43,0.99,4,3.96
107,4/12/2009 0:00,43,0.99,4,3.96
107,4/12/2009 0:00,43,0.99,4,3.96
108,4/13/2009 0:00,47,0.99,1,0.99
108,4/13/2009 0:00,47,0.99,3,2.97
108,4/13/2009 0:00,47,0.99,3,2.97
108,4/13/2009 0:00,47,0.99,4,3.96
108,4/13/2009 0:00,47,0.99,4,3.96
108,4/13/2009 0:00,47,0.99,5,4.95
109,4/16/2009 0:00,53,0.99,1,0.99
109,4/16/2009 0:00,53,0.99,1,0.99
109,4/16/2009 0:00,53,0.99,1,0.99
109,4/16/2009 0:00,53,0.99,2,1.98
109,4/16/2009 0:00,53,0.99,2,1.98
109,4/16/2009 0:00,53,0.99,2,1.98
109,4/16/2009 0:00,53,0.99,3,2.97
109,4/16/2009 0:00,53,0.99,4,3.96
109,4/16/2009 0:00,53,0.99,4,3.96
110,4/21/2009 0:00,3,0.99,1,0.99
110,4/21/2009 0:00,3,0.99,1,0.99
110,4/21/2009 0:00,3,0.99,1,0.99
110,4/21/2009 0:00,3,0.99,2,1.98
110,4/21/2009 0:00,3,0.99,2,1.98
110,4/21/2009 0:00,3,0.99,3,2.97
110,4/21/2009 0:00,3,0.99,3,2.97
110,4/21/2009 0:00,3,0.99,3,2.97
110,4/21/2009 0:00,3,0.99,4,3.96
110,4/21/2009 0:00,3,0.99,4,3.96
110,4/21/2009 0:00,3,0.99,4,3.96
110,4/21/2009 0:00,3,0.99,5,4.95
110,4/21/2009 0:00,3,0.99,5,4.95
110,4/21/2009 0:00,3,0.99,5,4.95
111,4/29/2009 0:00,17,0.99,5,4.95
113,5/12/2009 0:00,20,0.99,1,0.99
112,5/12/2009 0:00,18,0.99,1,0.99
113,5/12/2009 0:00,20,0.99,2,1.98
112,5/12/2009 0:00,18,0.99,4,3.96
114,5/13/2009 0:00,22,0.99,2,1.98
114,5/13/2009 0:00,22,0.99,2,1.98
114,5/13/2009 0:00,22,0.99,4,3.96
114,5/13/2009 0:00,22,0.99,5,4.95
115,5/14/2009 0:00,26,0.99,1,0.99
115,5/14/2009 0:00,26,0.99,2,1.98
115,5/14/2009 0:00,26,0.99,3,2.97
115,5/14/2009 0:00,26,0.99,4,3.96
115,5/14/2009 0:00,26,0.99,4,3.96
115,5/14/2009 0:00,26,0.99,5,4.95
116,5/17/2009 0:00,32,0.99,1,0.99
116,5/17/2009 0:00,32,0.99,2,1.98
116,5/17/2009 0:00,32,0.99,2,1.98
116,5/17/2009 0:00,32,0.99,2,1.98
116,5/17/2009 0:00,32,0.99,2,1.98
116,5/17/2009 0:00,32,0.99,4,3.96
116,5/17/2009 0:00,32,0.99,5,4.95
116,5/17/2009 0:00,32,0.99,5,4.95
116,5/17/2009 0:00,32,0.99,5,4.95
117,5/22/2009 0:00,41,0.99,1,0.99
117,5/22/2009 0:00,41,0.99,1,0.99
117,5/22/2009 0:00,41,0.99,1,0.99
117,5/22/2009 0:00,41,0.99,2,1.98
117,5/22/2009 0:00,41,0.99,2,1.98
117,5/22/2009 0:00,41,0.99,2,1.98
117,5/22/2009 0:00,41,0.99,3,2.97
117,5/22/2009 0:00,41,0.99,4,3.96
117,5/22/2009 0:00,41,0.99,4,3.96
117,5/22/2009 0:00,41,0.99,5,4.95
117,5/22/2009 0:00,41,0.99,5,4.95
117,5/22/2009 0:00,41,0.99,5,4.95
117,5/22/2009 0:00,41,0.99,5,4.95
117,5/22/2009 0:00,41,0.99,5,4.95
118,5/30/2009 0:00,55,0.99,1,0.99
120,6/12/2009 0:00,58,0.99,4,3.96
119,6/12/2009 0:00,56,0.99,4,3.96
120,6/12/2009 0:00,58,0.99,5,4.95
119,6/12/2009 0:00,56,0.99,5,4.95
121,6/13/2009 0:00,1,0.99,2,1.98
121,6/13/2009 0:00,1,0.99,3,2.97
121,6/13/2009 0:00,1,0.99,3,2.97
121,6/13/2009 0:00,1,0.99,4,3.96
122,6/14/2009 0:00,5,0.99,1,0.99
122,6/14/2009 0:00,5,0.99,1,0.99
122,6/14/2009 0:00,5,0.99,2,1.98
122,6/14/2009 0:00,5,0.99,2,1.98
122,6/14/2009 0:00,5,0.99,4,3.96
122,6/14/2009 0:00,5,0.99,4,3.96
123,6/17/2009 0:00,11,0.99,1,0.99
123,6/17/2009 0:00,11,0.99,1,0.99
123,6/17/2009 0:00,11,0.99,1,0.99
123,6/17/2009 0:00,11,0.99,1,0.99
123,6/17/2009 0:00,11,0.99,2,1.98
123,6/17/2009 0:00,11,0.99,2,1.98
123,6/17/2009 0:00,11,0.99,3,2.97
123,6/17/2009 0:00,11,0.99,3,2.97
123,6/17/2009 0:00,11,0.99,4,3.96
124,6/22/2009 0:00,20,0.99,1,0.99
124,6/22/2009 0:00,20,0.99,1,0.99
124,6/22/2009 0:00,20,0.99,1,0.99
124,6/22/2009 0:00,20,0.99,2,1.98
124,6/22/2009 0:00,20,0.99,2,1.98
124,6/22/2009 0:00,20,0.99,2,1.98
124,6/22/2009 0:00,20,0.99,2,1.98
124,6/22/2009 0:00,20,0.99,2,1.98
124,6/22/2009 0:00,20,0.99,3,2.97
124,6/22/2009 0:00,20,0.99,4,3.96
124,6/22/2009 0:00,20,0.99,4,3.96
124,6/22/2009 0:00,20,0.99,4,3.96
124,6/22/2009 0:00,20,0.99,5,4.95
124,6/22/2009 0:00,20,0.99,5,4.95
125,6/30/2009 0:00,34,0.99,3,2.97
127,7/13/2009 0:00,37,0.99,1,0.99
126,7/13/2009 0:00,35,0.99,2,1.98
126,7/13/2009 0:00,35,0.99,3,2.97
127,7/13/2009 0:00,37,0.99,5,4.95
128,7/14/2009 0:00,39,0.99,3,2.97
128,7/14/2009 0:00,39,0.99,3,2.97
128,7/14/2009 0:00,39,0.99,5,4.95
128,7/14/2009 0:00,39,0.99,5,4.95
129,7/15/2009 0:00,43,0.99,2,1.98
129,7/15/2009 0:00,43,0.99,2,1.98
129,7/15/2009 0:00,43,0.99,2,1.98
129,7/15/2009 0:00,43,0.99,2,1.98
129,7/15/2009 0:00,43,0.99,4,3.96
129,7/15/2009 0:00,43,0.99,5,4.95
130,7/18/2009 0:00,49,0.99,1,0.99
130,7/18/2009 0:00,49,0.99,2,1.98
130,7/18/2009 0:00,49,0.99,2,1.98
130,7/18/2009 0:00,49,0.99,3,2.97
130,7/18/2009 0:00,49,0.99,3,2.97
130,7/18/2009 0:00,49,0.99,4,3.96
130,7/18/2009 0:00,49,0.99,4,3.96
130,7/18/2009 0:00,49,0.99,5,4.95
130,7/18/2009 0:00,49,0.99,5,4.95
131,7/23/2009 0:00,58,0.99,1,0.99
131,7/23/2009 0:00,58,0.99,1,0.99
131,7/23/2009 0:00,58,0.99,1,0.99
131,7/23/2009 0:00,58,0.99,2,1.98
131,7/23/2009 0:00,58,0.99,2,1.98
131,7/23/2009 0:00,58,0.99,2,1.98
131,7/23/2009 0:00,58,0.99,3,2.97
131,7/23/2009 0:00,58,0.99,3,2.97
131,7/23/2009 0:00,58,0.99,3,2.97
131,7/23/2009 0:00,58,0.99,4,3.96
131,7/23/2009 0:00,58,0.99,4,3.96
131,7/23/2009 0:00,58,0.99,5,4.95
131,7/23/2009 0:00,58,0.99,5,4.95
131,7/23/2009 0:00,58,0.99,5,4.95
132,7/31/2009 0:00,13,0.99,1,0.99
133,8/13/2009 0:00,14,0.99,1,0.99
134,8/13/2009 0:00,16,0.99,2,1.98
134,8/13/2009 0:00,16,0.99,5,4.95
133,8/13/2009 0:00,14,0.99,5,4.95
135,8/14/2009 0:00,18,0.99,3,2.97
135,8/14/2009 0:00,18,0.99,4,3.96
135,8/14/2009 0:00,18,0.99,4,3.96
135,8/14/2009 0:00,18,0.99,4,3.96
136,8/15/2009 0:00,22,0.99,1,0.99
136,8/15/2009 0:00,22,0.99,3,2.97
136,8/15/2009 0:00,22,0.99,4,3.96
136,8/15/2009 0:00,22,0.99,4,3.96
136,8/15/2009 0:00,22,0.99,4,3.96
136,8/15/2009 0:00,22,0.99,5,4.95
137,8/18/2009 0:00,28,0.99,1,0.99
137,8/18/2009 0:00,28,0.99,2,1.98
137,8/18/2009 0:00,28,0.99,2,1.98
137,8/18/2009 0:00,28,0.99,3,2.97
137,8/18/2009 0:00,28,0.99,3,2.97
137,8/18/2009 0:00,28,0.99,3,2.97
137,8/18/2009 0:00,28,0.99,4,3.96
137,8/18/2009 0:00,28,0.99,5,4.95
137,8/18/2009 0:00,28,0.99,5,4.95
138,8/23/2009 0:00,37,0.99,1,0.99
138,8/23/2009 0:00,37,0.99,1,0.99
138,8/23/2009 0:00,37,0.99,1,0.99
138,8/23/2009 0:00,37,0.99,1,0.99
138,8/23/2009 0:00,37,0.99,2,1.98
138,8/23/2009 0:00,37,0.99,2,1.98
138,8/23/2009 0:00,37,0.99,3,2.97
138,8/23/2009 0:00,37,0.99,4,3.96
138,8/23/2009 0:00,37,0.99,4,3.96
138,8/23/2009 0:00,37,0.99,4,3.96
138,8/23/2009 0:00,37,0.99,4,3.96
138,8/23/2009 0:00,37,0.99,4,3.96
138,8/23/2009 0:00,37,0.99,5,4.95
138,8/23/2009 0:00,37,0.99,5,4.95
139,8/31/2009 0:00,51,0.99,2,1.98
141,9/13/2009 0:00,54,0.99,3,2.97
140,9/13/2009 0:00,52,0.99,3,2.97
141,9/13/2009 0:00,54,0.99,4,3.96
140,9/13/2009 0:00,52,0.99,5,4.95
142,9/14/2009 0:00,56,0.99,2,1.98
142,9/14/2009 0:00,56,0.99,4,3.96
142,9/14/2009 0:00,56,0.99,3,2.97
142,9/14/2009 0:00,56,0.99,4,3.96
143,9/15/2009 0:00,1,0.99,3,2.97
143,9/15/2009 0:00,1,0.99,3,2.97
143,9/15/2009 0:00,1,0.99,3,2.97
143,9/15/2009 0:00,1,0.99,3,2.97
143,9/15/2009 0:00,1,0.99,3,2.97
143,9/15/2009 0:00,1,0.99,4,3.96
144,9/18/2009 0:00,7,0.99,1,0.99
144,9/18/2009 0:00,7,0.99,1,0.99
144,9/18/2009 0:00,7,0.99,2,1.98
144,9/18/2009 0:00,7,0.99,2,1.98
144,9/18/2009 0:00,7,0.99,2,1.98
144,9/18/2009 0:00,7,0.99,3,2.97
144,9/18/2009 0:00,7,0.99,5,4.95
144,9/18/2009 0:00,7,0.99,1,0.99
144,9/18/2009 0:00,7,0.99,1,0.99
145,9/23/2009 0:00,16,0.99,1,0.99
145,9/23/2009 0:00,16,0.99,1,0.99
145,9/23/2009 0:00,16,0.99,2,1.98
145,9/23/2009 0:00,16,0.99,2,1.98
145,9/23/2009 0:00,16,0.99,3,2.97
145,9/23/2009 0:00,16,0.99,3,2.97
145,9/23/2009 0:00,16,0.99,3,2.97
145,9/23/2009 0:00,16,0.99,3,2.97
145,9/23/2009 0:00,16,0.99,4,3.96
145,9/23/2009 0:00,16,0.99,4,3.96
145,9/23/2009 0:00,16,0.99,4,3.96
145,9/23/2009 0:00,16,0.99,4,3.96
145,9/23/2009 0:00,16,0.99,5,4.95
145,9/23/2009 0:00,16,0.99,5,4.95
146,10/1/2009 0:00,30,0.99,4,3.96
148,10/14/2009 0:00,33,0.99,2,1.98
147,10/14/2009 0:00,31,0.99,2,1.98
147,10/14/2009 0:00,31,0.99,2,1.98
148,10/14/2009 0:00,33,0.99,5,4.95
149,10/15/2009 0:00,35,0.99,2,1.98
149,10/15/2009 0:00,35,0.99,2,1.98
149,10/15/2009 0:00,35,0.99,4,3.96
149,10/15/2009 0:00,35,0.99,5,4.95
150,10/16/2009 0:00,39,0.99,1,0.99
150,10/16/2009 0:00,39,0.99,2,1.98
150,10/16/2009 0:00,39,0.99,2,1.98
150,10/16/2009 0:00,39,0.99,2,1.98
150,10/16/2009 0:00,39,0.99,3,2.97
150,10/16/2009 0:00,39,0.99,3,2.97
151,10/19/2009 0:00,45,0.99,3,2.97
151,10/19/2009 0:00,45,0.99,3,2.97
151,10/19/2009 0:00,45,0.99,3,2.97
151,10/19/2009 0:00,45,0.99,4,3.96
151,10/19/2009 0:00,45,0.99,4,3.96
151,10/19/2009 0:00,45,0.99,5,4.95
151,10/19/2009 0:00,45,0.99,5,4.95
151,10/19/2009 0:00,45,0.99,5,4.95
151,10/19/2009 0:00,45,0.99,5,4.95
152,10/24/2009 0:00,54,0.99,1,0.99
152,10/24/2009 0:00,54,0.99,1,0.99
152,10/24/2009 0:00,54,0.99,1,0.99
152,10/24/2009 0:00,54,0.99,1,0.99
152,10/24/2009 0:00,54,0.99,1,0.99
152,10/24/2009 0:00,54,0.99,1,0.99
152,10/24/2009 0:00,54,0.99,1,0.99
152,10/24/2009 0:00,54,0.99,2,1.98
152,10/24/2009 0:00,54,0.99,2,1.98
152,10/24/2009 0:00,54,0.99,2,1.98
152,10/24/2009 0:00,54,0.99,2,1.98
152,10/24/2009 0:00,54,0.99,4,3.96
152,10/24/2009 0:00,54,0.99,5,4.95
152,10/24/2009 0:00,54,0.99,4,3.96
153,11/1/2009 0:00,9,0.99,3,2.97
155,11/14/2009 0:00,12,0.99,1,0.99
155,11/14/2009 0:00,12,0.99,2,1.98
154,11/14/2009 0:00,10,0.99,5,4.95
154,11/14/2009 0:00,10,0.99,5,4.95
156,11/15/2009 0:00,14,0.99,1,0.99
156,11/15/2009 0:00,14,0.99,4,3.96
156,11/15/2009 0:00,14,0.99,5,4.95
156,11/15/2009 0:00,14,0.99,5,4.95
157,11/16/2009 0:00,18,0.99,1,0.99
157,11/16/2009 0:00,18,0.99,2,1.98
157,11/16/2009 0:00,18,0.99,2,1.98
157,11/16/2009 0:00,18,0.99,3,2.97
157,11/16/2009 0:00,18,0.99,4,3.96
157,11/16/2009 0:00,18,0.99,5,4.95
158,11/19/2009 0:00,24,0.99,1,0.99
158,11/19/2009 0:00,24,0.99,1,0.99
158,11/19/2009 0:00,24,0.99,1,0.99
158,11/19/2009 0:00,24,0.99,2,1.98
158,11/19/2009 0:00,24,0.99,3,2.97
158,11/19/2009 0:00,24,0.99,3,2.97
158,11/19/2009 0:00,24,0.99,3,2.97
158,11/19/2009 0:00,24,0.99,4,3.96
158,11/19/2009 0:00,24,0.99,5,4.95
159,11/24/2009 0:00,33,0.99,1,0.99
159,11/24/2009 0:00,33,0.99,1,0.99
159,11/24/2009 0:00,33,0.99,1,0.99
159,11/24/2009 0:00,33,0.99,1,0.99
159,11/24/2009 0:00,33,0.99,2,1.98
159,11/24/2009 0:00,33,0.99,3,2.97
159,11/24/2009 0:00,33,0.99,3,2.97
159,11/24/2009 0:00,33,0.99,4,3.96
159,11/24/2009 0:00,33,0.99,4,3.96
159,11/24/2009 0:00,33,0.99,5,4.95
159,11/24/2009 0:00,33,0.99,5,4.95
160,12/2/2009 0:00,47,0.99,1,0.99
162,12/15/2009 0:00,50,0.99,1,0.99
161,12/15/2009 0:00,48,0.99,2,1.98
162,12/15/2009 0:00,50,0.99,3,2.97
161,12/15/2009 0:00,48,0.99,4,3.96
163,12/16/2009 0:00,52,0.99,1,0.99
163,12/16/2009 0:00,52,0.99,1,0.99
163,12/16/2009 0:00,52,0.99,2,1.98
163,12/16/2009 0:00,52,0.99,3,2.97
164,12/17/2009 0:00,56,0.99,1,0.99
164,12/17/2009 0:00,56,0.99,1,0.99
164,12/17/2009 0:00,56,0.99,1,0.99
164,12/17/2009 0:00,56,0.99,2,1.98
164,12/17/2009 0:00,56,0.99,2,1.98
165,12/20/2009 0:00,3,0.99,1,0.99
165,12/20/2009 0:00,3,0.99,2,1.98
165,12/20/2009 0:00,3,0.99,2,1.98
165,12/20/2009 0:00,3,0.99,3,2.97
165,12/20/2009 0:00,3,0.99,3,2.97
165,12/20/2009 0:00,3,0.99,3,2.97
165,12/20/2009 0:00,3,0.99,4,3.96
165,12/20/2009 0:00,3,0.99,5,4.95
165,12/20/2009 0:00,3,0.99,5,4.95
166,12/25/2009 0:00,12,0.99,1,0.99
166,12/25/2009 0:00,12,0.99,1,0.99
166,12/25/2009 0:00,12,0.99,2,1.98
166,12/25/2009 0:00,12,0.99,2,1.98
166,12/25/2009 0:00,12,0.99,2,1.98
166,12/25/2009 0:00,12,0.99,2,1.98
166,12/25/2009 0:00,12,0.99,2,1.98
166,12/25/2009 0:00,12,0.99,3,2.97
166,12/25/2009 0:00,12,0.99,3,2.97
166,12/25/2009 0:00,12,0.99,3,2.97
166,12/25/2009 0:00,12,0.99,4,3.96
166,12/25/2009 0:00,12,0.99,4,3.96
166,12/25/2009 0:00,12,0.99,5,4.95
166,12/25/2009 0:00,12,0.99,5,4.95
167,1/2/2010 0:00,26,0.99,1,0.99
169,1/15/2010 0:00,29,0.99,1,0.99
169,1/15/2010 0:00,29,0.99,3,2.97
168,1/15/2010 0:00,27,0.99,5,4.95
168,1/15/2010 0:00,27,0.99,5,4.95
170,1/16/2010 0:00,31,0.99,1,0.99
170,1/16/2010 0:00,31,0.99,2,1.98
170,1/16/2010 0:00,31,0.99,4,3.96
170,1/16/2010 0:00,31,0.99,5,4.95
171,1/17/2010 0:00,35,0.99,1,0.99
171,1/17/2010 0:00,35,0.99,2,1.98
171,1/17/2010 0:00,35,0.99,3,2.97
171,1/17/2010 0:00,35,0.99,3,2.97
171,1/17/2010 0:00,35,0.99,1,0.99
171,1/17/2010 0:00,35,0.99,2,1.98
172,1/20/2010 0:00,41,0.99,1,0.99
172,1/20/2010 0:00,41,0.99,2,1.98
172,1/20/2010 0:00,41,0.99,2,1.98
172,1/20/2010 0:00,41,0.99,2,1.98
172,1/20/2010 0:00,41,0.99,3,2.97
172,1/20/2010 0:00,41,0.99,3,2.97
172,1/20/2010 0:00,41,0.99,4,3.96
172,1/20/2010 0:00,41,0.99,5,4.95
172,1/20/2010 0:00,41,0.99,5,4.95
173,1/25/2010 0:00,50,0.99,1,0.99
173,1/25/2010 0:00,50,0.99,1,0.99
173,1/25/2010 0:00,50,0.99,1,0.99
173,1/25/2010 0:00,50,0.99,3,2.97
173,1/25/2010 0:00,50,0.99,3,2.97
173,1/25/2010 0:00,50,0.99,3,2.97
173,1/25/2010 0:00,50,0.99,3,2.97
173,1/25/2010 0:00,50,0.99,3,2.97
173,1/25/2010 0:00,50,0.99,4,3.96
173,1/25/2010 0:00,50,0.99,4,3.96
173,1/25/2010 0:00,50,0.99,4,3.96
173,1/25/2010 0:00,50,0.99,5,4.95
173,1/25/2010 0:00,50,0.99,5,4.95
173,1/25/2010 0:00,50,0.99,5,4.95
174,2/2/2010 0:00,5,0.99,2,1.98
175,2/15/2010 0:00,6,0.99,2,1.98
176,2/15/2010 0:00,8,0.99,5,4.95
176,2/15/2010 0:00,8,0.99,5,4.95
175,2/15/2010 0:00,6,0.99,5,4.95
177,2/16/2010 0:00,10,0.99,1,0.99
177,2/16/2010 0:00,10,0.99,3,2.97
177,2/16/2010 0:00,10,0.99,4,3.96
177,2/16/2010 0:00,10,0.99,5,4.95
178,2/17/2010 0:00,14,0.99,1,0.99
178,2/17/2010 0:00,14,0.99,2,1.98
178,2/17/2010 0:00,14,0.99,2,1.98
178,2/17/2010 0:00,14,0.99,3,2.97
178,2/17/2010 0:00,14,0.99,4,3.96
178,2/17/2010 0:00,14,0.99,5,4.95
179,2/20/2010 0:00,20,0.99,1,0.99
179,2/20/2010 0:00,20,0.99,1,0.99
179,2/20/2010 0:00,20,0.99,3,2.97
179,2/20/2010 0:00,20,0.99,3,2.97
179,2/20/2010 0:00,20,0.99,4,3.96
179,2/20/2010 0:00,20,0.99,5,4.95
179,2/20/2010 0:00,20,0.99,5,4.95
179,2/20/2010 0:00,20,0.99,5,4.95
179,2/20/2010 0:00,20,0.99,5,4.95
180,2/25/2010 0:00,29,0.99,1,0.99
180,2/25/2010 0:00,29,0.99,1,0.99
180,2/25/2010 0:00,29,0.99,1,0.99
180,2/25/2010 0:00,29,0.99,1,0.99
180,2/25/2010 0:00,29,0.99,2,1.98
180,2/25/2010 0:00,29,0.99,2,1.98
180,2/25/2010 0:00,29,0.99,2,1.98
180,2/25/2010 0:00,29,0.99,2,1.98
180,2/25/2010 0:00,29,0.99,4,3.96
180,2/25/2010 0:00,29,0.99,4,3.96
180,2/25/2010 0:00,29,0.99,5,4.95
180,2/25/2010 0:00,29,0.99,5,4.95
180,2/25/2010 0:00,29,0.99,5,4.95
180,2/25/2010 0:00,29,0.99,5,4.95
181,3/5/2010 0:00,43,0.99,1,0.99
182,3/18/2010 0:00,44,0.99,1,0.99
182,3/18/2010 0:00,44,0.99,3,2.97
183,3/18/2010 0:00,46,0.99,4,3.96
183,3/18/2010 0:00,46,0.99,4,3.96
184,3/19/2010 0:00,48,0.99,1,0.99
184,3/19/2010 0:00,48,0.99,3,2.97
184,3/19/2010 0:00,48,0.99,5,4.95
184,3/19/2010 0:00,48,0.99,5,4.95
185,3/20/2010 0:00,52,0.99,1,0.99
185,3/20/2010 0:00,52,0.99,3,2.97
185,3/20/2010 0:00,52,0.99,3,2.97
185,3/20/2010 0:00,52,0.99,5,4.95
185,3/20/2010 0:00,52,0.99,5,4.95
185,3/20/2010 0:00,52,0.99,5,4.95
186,3/23/2010 0:00,58,0.99,1,0.99
186,3/23/2010 0:00,58,0.99,1,0.99
186,3/23/2010 0:00,58,0.99,2,1.98
186,3/23/2010 0:00,58,0.99,4,3.96
186,3/23/2010 0:00,58,0.99,4,3.96
186,3/23/2010 0:00,58,0.99,4,3.96
186,3/23/2010 0:00,58,0.99,5,4.95
186,3/23/2010 0:00,58,0.99,5,4.95
186,3/23/2010 0:00,58,0.99,5,4.95
187,3/28/2010 0:00,8,0.99,1,0.99
187,3/28/2010 0:00,8,0.99,1,0.99
187,3/28/2010 0:00,8,0.99,1,0.99
187,3/28/2010 0:00,8,0.99,2,1.98
187,3/28/2010 0:00,8,0.99,3,2.97
187,3/28/2010 0:00,8,0.99,3,2.97
187,3/28/2010 0:00,8,0.99,5,4.95
187,3/28/2010 0:00,8,0.99,5,4.95
187,3/28/2010 0:00,8,0.99,5,4.95
187,3/28/2010 0:00,8,0.99,5,4.95
188,4/5/2010 0:00,22,0.99,3,2.97
190,4/18/2010 0:00,25,0.99,1,0.99
189,4/18/2010 0:00,23,0.99,4,3.96
189,4/18/2010 0:00,23,0.99,4,3.96
190,4/18/2010 0:00,25,0.99,4,3.96
191,4/19/2010 0:00,27,0.99,2,1.98
191,4/19/2010 0:00,27,0.99,2,1.98
191,4/19/2010 0:00,27,0.99,4,3.96
191,4/19/2010 0:00,27,0.99,5,4.95
192,4/20/2010 0:00,31,0.99,1,0.99
192,4/20/2010 0:00,31,0.99,1,0.99
192,4/20/2010 0:00,31,0.99,1,0.99
192,4/20/2010 0:00,31,0.99,1,0.99
192,4/20/2010 0:00,31,0.99,2,1.98
192,4/20/2010 0:00,31,0.99,3,2.97
193,4/23/2010 0:00,37,0.99,2,1.98
193,4/23/2010 0:00,37,0.99,3,2.97
193,4/23/2010 0:00,37,0.99,5,4.95
193,4/23/2010 0:00,37,1.99,1,1.99
193,4/23/2010 0:00,37,1.99,1,1.99
193,4/23/2010 0:00,37,1.99,1,1.99
193,4/23/2010 0:00,37,1.99,2,3.98
193,4/23/2010 0:00,37,1.99,4,7.96
193,4/23/2010 0:00,37,1.99,5,9.95
194,4/28/2010 0:00,46,0.99,2,1.98
194,4/28/2010 0:00,46,0.99,3,2.97
194,4/28/2010 0:00,46,1.99,1,1.99
194,4/28/2010 0:00,46,1.99,2,3.98
194,4/28/2010 0:00,46,1.99,3,5.97
194,4/28/2010 0:00,46,1.99,4,7.96
194,4/28/2010 0:00,46,1.99,5,9.95
194,4/28/2010 0:00,46,1.99,5,9.95
195,5/6/2010 0:00,1,0.99,1,0.99
197,5/19/2010 0:00,4,0.99,1,0.99
196,5/19/2010 0:00,2,0.99,4,3.96
196,5/19/2010 0:00,2,0.99,4,3.96
197,5/19/2010 0:00,4,0.99,4,3.96
198,5/20/2010 0:00,6,0.99,1,0.99
198,5/20/2010 0:00,6,0.99,2,1.98
198,5/20/2010 0:00,6,0.99,4,3.96
198,5/20/2010 0:00,6,0.99,5,4.95
199,5/21/2010 0:00,10,0.99,1,0.99
199,5/21/2010 0:00,10,0.99,1,0.99
199,5/21/2010 0:00,10,0.99,3,2.97
199,5/21/2010 0:00,10,0.99,4,3.96
199,5/21/2010 0:00,10,0.99,4,3.96
199,5/21/2010 0:00,10,0.99,5,4.95
200,5/24/2010 0:00,16,0.99,1,0.99
200,5/24/2010 0:00,16,0.99,1,0.99
200,5/24/2010 0:00,16,0.99,2,1.98
200,5/24/2010 0:00,16,0.99,3,2.97
200,5/24/2010 0:00,16,0.99,3,2.97
200,5/24/2010 0:00,16,0.99,5,4.95
200,5/24/2010 0:00,16,0.99,5,4.95
200,5/24/2010 0:00,16,0.99,5,4.95
200,5/24/2010 0:00,16,0.99,5,4.95
201,5/29/2010 0:00,25,0.99,3,2.97
201,5/29/2010 0:00,25,0.99,3,2.97
201,5/29/2010 0:00,25,0.99,3,2.97
201,5/29/2010 0:00,25,0.99,3,2.97
201,5/29/2010 0:00,25,0.99,4,3.96
201,5/29/2010 0:00,25,0.99,4,3.96
201,5/29/2010 0:00,25,0.99,5,4.95
201,5/29/2010 0:00,25,0.99,5,4.95
201,5/29/2010 0:00,25,0.99,5,4.95
201,5/29/2010 0:00,25,1.99,1,1.99
201,5/29/2010 0:00,25,1.99,3,5.97
201,5/29/2010 0:00,25,1.99,3,5.97
201,5/29/2010 0:00,25,1.99,3,5.97
201,5/29/2010 0:00,25,1.99,4,7.96
202,6/6/2010 0:00,39,1.99,1,1.99
203,6/19/2010 0:00,40,0.99,2,1.98
204,6/19/2010 0:00,42,1.99,2,3.98
204,6/19/2010 0:00,42,1.99,2,3.98
203,6/19/2010 0:00,40,1.99,4,7.96
205,6/20/2010 0:00,44,1.99,3,5.97
205,6/20/2010 0:00,44,1.99,3,5.97
205,6/20/2010 0:00,44,1.99,4,7.96
205,6/20/2010 0:00,44,1.99,5,9.95
206,6/21/2010 0:00,48,0.99,3,2.97
206,6/21/2010 0:00,48,0.99,4,3.96
206,6/21/2010 0:00,48,0.99,5,4.95
206,6/21/2010 0:00,48,1.99,3,5.97
206,6/21/2010 0:00,48,1.99,4,7.96
206,6/21/2010 0:00,48,1.99,5,9.95
207,6/24/2010 0:00,54,0.99,4,3.96
207,6/24/2010 0:00,54,0.99,1,0.99
207,6/24/2010 0:00,54,0.99,2,1.98
207,6/24/2010 0:00,54,0.99,3,2.97
207,6/24/2010 0:00,54,0.99,4,3.96
207,6/24/2010 0:00,54,0.99,5,4.95
208,6/29/2010 0:00,4,0.99,5,4.95
208,6/29/2010 0:00,4,0.99,5,4.95
208,6/29/2010 0:00,4,0.99,2,1.98
208,6/29/2010 0:00,4,0.99,2,1.98
208,6/29/2010 0:00,4,0.99,3,2.97
208,6/29/2010 0:00,4,0.99,4,3.96
208,6/29/2010 0:00,4,0.99,4,3.96
208,6/29/2010 0:00,4,0.99,5,4.95
208,6/29/2010 0:00,4,0.99,4,3.96
208,6/29/2010 0:00,4,1.99,1,1.99
208,6/29/2010 0:00,4,1.99,2,3.98
209,7/7/2010 0:00,18,0.99,4,3.96
211,7/20/2010 0:00,21,0.99,1,0.99
210,7/20/2010 0:00,19,0.99,1,0.99
211,7/20/2010 0:00,21,0.99,4,3.96
210,7/20/2010 0:00,19,0.99,4,3.96
212,7/21/2010 0:00,23,0.99,3,2.97
212,7/21/2010 0:00,23,0.99,4,3.96
212,7/21/2010 0:00,23,0.99,5,4.95
212,7/21/2010 0:00,23,0.99,5,4.95
213,7/22/2010 0:00,27,0.99,1,0.99
213,7/22/2010 0:00,27,0.99,2,1.98
213,7/22/2010 0:00,27,0.99,3,2.97
213,7/22/2010 0:00,27,0.99,4,3.96
213,7/22/2010 0:00,27,0.99,4,3.96
213,7/22/2010 0:00,27,0.99,5,4.95
214,7/25/2010 0:00,33,0.99,1,0.99
214,7/25/2010 0:00,33,0.99,1,0.99
214,7/25/2010 0:00,33,0.99,2,1.98
214,7/25/2010 0:00,33,0.99,3,2.97
214,7/25/2010 0:00,33,0.99,5,4.95
214,7/25/2010 0:00,33,0.99,1,0.99
215,7/30/2010 0:00,42,0.99,1,0.99
215,7/30/2010 0:00,42,0.99,1,0.99
215,7/30/2010 0:00,42,0.99,2,1.98
215,7/30/2010 0:00,42,0.99,2,1.98
215,7/30/2010 0:00,42,0.99,2,1.98
215,7/30/2010 0:00,42,0.99,2,1.98
215,7/30/2010 0:00,42,0.99,4,3.96
215,7/30/2010 0:00,42,0.99,4,3.96
215,7/30/2010 0:00,42,0.99,4,3.96
215,7/30/2010 0:00,42,0.99,4,3.96
215,7/30/2010 0:00,42,0.99,5,4.95
215,7/30/2010 0:00,42,0.99,5,4.95
216,8/7/2010 0:00,56,0.99,5,4.95
217,8/20/2010 0:00,57,0.99,1,0.99
218,8/20/2010 0:00,59,0.99,4,3.96
218,8/20/2010 0:00,59,0.99,5,4.95
217,8/20/2010 0:00,57,0.99,5,4.95
219,8/21/2010 0:00,2,0.99,1,0.99
219,8/21/2010 0:00,2,0.99,1,0.99
219,8/21/2010 0:00,2,0.99,2,1.98
219,8/21/2010 0:00,2,0.99,2,1.98
220,8/22/2010 0:00,6,0.99,1,0.99
220,8/22/2010 0:00,6,0.99,2,1.98
220,8/22/2010 0:00,6,0.99,3,2.97
220,8/22/2010 0:00,6,0.99,4,3.96
220,8/22/2010 0:00,6,0.99,4,3.96
220,8/22/2010 0:00,6,0.99,5,4.95
221,8/25/2010 0:00,12,0.99,1,0.99
221,8/25/2010 0:00,12,0.99,1,0.99
221,8/25/2010 0:00,12,0.99,3,2.97
221,8/25/2010 0:00,12,0.99,3,2.97
221,8/25/2010 0:00,12,0.99,3,2.97
221,8/25/2010 0:00,12,0.99,3,2.97
221,8/25/2010 0:00,12,0.99,4,3.96
221,8/25/2010 0:00,12,0.99,4,3.96
221,8/25/2010 0:00,12,0.99,5,4.95
222,8/30/2010 0:00,21,0.99,1,0.99
222,8/30/2010 0:00,21,0.99,2,1.98
222,8/30/2010 0:00,21,0.99,2,1.98
222,8/30/2010 0:00,21,0.99,2,1.98
222,8/30/2010 0:00,21,0.99,3,2.97
222,8/30/2010 0:00,21,0.99,3,2.97
222,8/30/2010 0:00,21,0.99,3,2.97
222,8/30/2010 0:00,21,0.99,3,2.97
222,8/30/2010 0:00,21,0.99,3,2.97
222,8/30/2010 0:00,21,0.99,4,3.96
222,8/30/2010 0:00,21,0.99,4,3.96
222,8/30/2010 0:00,21,0.99,4,3.96
222,8/30/2010 0:00,21,0.99,5,4.95
222,8/30/2010 0:00,21,0.99,5,4.95
223,9/7/2010 0:00,35,0.99,1,0.99
225,9/20/2010 0:00,38,0.99,1,0.99
224,9/20/2010 0:00,36,0.99,3,2.97
225,9/20/2010 0:00,38,0.99,3,2.97
224,9/20/2010 0:00,36,0.99,5,4.95
226,9/21/2010 0:00,40,0.99,1,0.99
226,9/21/2010 0:00,40,0.99,5,4.95
226,9/21/2010 0:00,40,0.99,5,4.95
226,9/21/2010 0:00,40,0.99,5,4.95
227,9/22/2010 0:00,44,0.99,1,0.99
227,9/22/2010 0:00,44,0.99,2,1.98
227,9/22/2010 0:00,44,0.99,3,2.97
227,9/22/2010 0:00,44,0.99,3,2.97
227,9/22/2010 0:00,44,0.99,4,3.96
227,9/22/2010 0:00,44,0.99,5,4.95
228,9/25/2010 0:00,50,0.99,3,2.97
228,9/25/2010 0:00,50,0.99,4,3.96
228,9/25/2010 0:00,50,0.99,4,3.96
229,9/30/2010 0:00,59,0.99,1,0.99
229,9/30/2010 0:00,59,0.99,2,1.98
229,9/30/2010 0:00,59,0.99,2,1.98
229,9/30/2010 0:00,59,0.99,2,1.98
229,9/30/2010 0:00,59,0.99,3,2.97
229,9/30/2010 0:00,59,0.99,4,3.96
229,9/30/2010 0:00,59,0.99,4,3.96
229,9/30/2010 0:00,59,0.99,4,3.96
229,9/30/2010 0:00,59,0.99,4,3.96
229,9/30/2010 0:00,59,0.99,5,4.95
230,10/8/2010 0:00,14,0.99,4,3.96
231,10/21/2010 0:00,15,0.99,1,0.99
231,10/21/2010 0:00,15,0.99,1,0.99
232,10/21/2010 0:00,17,0.99,2,1.98
232,10/21/2010 0:00,17,0.99,4,3.96
233,10/22/2010 0:00,19,0.99,2,1.98
233,10/22/2010 0:00,19,0.99,2,1.98
233,10/22/2010 0:00,19,0.99,4,3.96
233,10/22/2010 0:00,19,0.99,4,3.96
234,10/23/2010 0:00,23,0.99,2,1.98
234,10/23/2010 0:00,23,0.99,3,2.97
234,10/23/2010 0:00,23,0.99,4,3.96
234,10/23/2010 0:00,23,0.99,5,4.95
235,10/26/2010 0:00,29,0.99,1,0.99
235,10/26/2010 0:00,29,0.99,1,0.99
235,10/26/2010 0:00,29,0.99,4,3.96
235,10/26/2010 0:00,29,0.99,5,4.95
236,10/31/2010 0:00,38,0.99,1,0.99
236,10/31/2010 0:00,38,0.99,1,0.99
236,10/31/2010 0:00,38,0.99,3,2.97
236,10/31/2010 0:00,38,0.99,3,2.97
236,10/31/2010 0:00,38,0.99,4,3.96
236,10/31/2010 0:00,38,0.99,4,3.96
236,10/31/2010 0:00,38,0.99,4,3.96
237,11/8/2010 0:00,52,0.99,5,4.95
239,11/21/2010 0:00,55,0.99,1,0.99
238,11/21/2010 0:00,53,0.99,3,2.97
238,11/21/2010 0:00,53,0.99,3,2.97
239,11/21/2010 0:00,55,0.99,4,3.96
240,11/22/2010 0:00,57,0.99,1,0.99
240,11/22/2010 0:00,57,0.99,1,0.99
240,11/22/2010 0:00,57,0.99,3,2.97
240,11/22/2010 0:00,57,0.99,3,2.97
241,11/23/2010 0:00,2,0.99,1,0.99
241,11/23/2010 0:00,2,0.99,2,1.98
241,11/23/2010 0:00,2,0.99,2,1.98
241,11/23/2010 0:00,2,0.99,5,4.95
242,11/26/2010 0:00,8,0.99,1,0.99
242,11/26/2010 0:00,8,0.99,2,1.98
242,11/26/2010 0:00,8,0.99,2,1.98
242,11/26/2010 0:00,8,0.99,2,1.98
242,11/26/2010 0:00,8,0.99,3,2.97
242,11/26/2010 0:00,8,0.99,5,4.95
243,12/1/2010 0:00,17,0.99,1,0.99
243,12/1/2010 0:00,17,0.99,1,0.99
243,12/1/2010 0:00,17,0.99,2,1.98
243,12/1/2010 0:00,17,0.99,2,1.98
243,12/1/2010 0:00,17,0.99,3,2.97
243,12/1/2010 0:00,17,0.99,3,2.97
243,12/1/2010 0:00,17,0.99,3,2.97
243,12/1/2010 0:00,17,0.99,3,2.97
243,12/1/2010 0:00,17,0.99,4,3.96
243,12/1/2010 0:00,17,0.99,5,4.95
244,12/9/2010 0:00,31,0.99,5,4.95
245,12/22/2010 0:00,32,0.99,3,2.97
246,12/22/2010 0:00,34,0.99,4,3.96
245,12/22/2010 0:00,32,0.99,4,3.96
246,12/22/2010 0:00,34,0.99,5,4.95
247,12/23/2010 0:00,36,0.99,2,1.98
247,12/23/2010 0:00,36,0.99,2,1.98
247,12/23/2010 0:00,36,0.99,3,2.97
248,12/24/2010 0:00,40,0.99,1,0.99
248,12/24/2010 0:00,40,0.99,1,0.99
248,12/24/2010 0:00,40,0.99,3,2.97
248,12/24/2010 0:00,40,0.99,3,2.97
248,12/24/2010 0:00,40,0.99,1,0.99
248,12/24/2010 0:00,40,0.99,5,4.95
249,12/27/2010 0:00,46,0.99,1,0.99
249,12/27/2010 0:00,46,0.99,2,1.98
249,12/27/2010 0:00,46,0.99,4,3.96
249,12/27/2010 0:00,46,0.99,5,4.95
249,12/27/2010 0:00,46,0.99,2,1.98
249,12/27/2010 0:00,46,0.99,5,4.95
249,12/27/2010 0:00,46,0.99,5,4.95
250,1/1/2011 0:00,55,0.99,1,0.99
250,1/1/2011 0:00,55,0.99,1,0.99
250,1/1/2011 0:00,55,0.99,2,1.98
250,1/1/2011 0:00,55,0.99,4,3.96
250,1/1/2011 0:00,55,0.99,4,3.96
250,1/1/2011 0:00,55,0.99,5,4.95
251,1/9/2011 0:00,10,0.99,3,2.97
253,1/22/2011 0:00,13,0.99,2,1.98
252,1/22/2011 0:00,11,0.99,4,3.96
252,1/22/2011 0:00,11,0.99,4,3.96
253,1/22/2011 0:00,13,0.99,5,4.95
254,1/23/2011 0:00,15,0.99,1,0.99
254,1/23/2011 0:00,15,0.99,1,0.99
254,1/23/2011 0:00,15,0.99,1,0.99
254,1/23/2011 0:00,15,0.99,2,1.98
255,1/24/2011 0:00,19,0.99,1,0.99
255,1/24/2011 0:00,19,0.99,1,0.99
255,1/24/2011 0:00,19,0.99,2,1.98
255,1/24/2011 0:00,19,0.99,2,1.98
255,1/24/2011 0:00,19,0.99,3,2.97
255,1/24/2011 0:00,19,0.99,4,3.96
256,1/27/2011 0:00,25,0.99,1,0.99
256,1/27/2011 0:00,25,0.99,2,1.98
256,1/27/2011 0:00,25,0.99,3,2.97
256,1/27/2011 0:00,25,0.99,4,3.96
256,1/27/2011 0:00,25,0.99,5,4.95
256,1/27/2011 0:00,25,0.99,5,4.95
257,2/1/2011 0:00,34,0.99,1,0.99
257,2/1/2011 0:00,34,0.99,1,0.99
257,2/1/2011 0:00,34,0.99,1,0.99
257,2/1/2011 0:00,34,0.99,1,0.99
257,2/1/2011 0:00,34,0.99,3,2.97
257,2/1/2011 0:00,34,0.99,3,2.97
257,2/1/2011 0:00,34,0.99,4,3.96
257,2/1/2011 0:00,34,0.99,4,3.96
257,2/1/2011 0:00,34,0.99,5,4.95
257,2/1/2011 0:00,34,0.99,5,4.95
258,2/9/2011 0:00,48,0.99,1,0.99
260,2/22/2011 0:00,51,0.99,2,1.98
259,2/22/2011 0:00,49,0.99,3,2.97
260,2/22/2011 0:00,51,0.99,4,3.96
259,2/22/2011 0:00,49,0.99,5,4.95
261,2/23/2011 0:00,53,0.99,2,1.98
261,2/23/2011 0:00,53,0.99,2,1.98
261,2/23/2011 0:00,53,0.99,4,3.96
261,2/23/2011 0:00,53,0.99,5,4.95
262,2/24/2011 0:00,57,0.99,1,0.99
262,2/24/2011 0:00,57,0.99,1,0.99
262,2/24/2011 0:00,57,0.99,3,2.97
262,2/24/2011 0:00,57,0.99,3,2.97
262,2/24/2011 0:00,57,0.99,4,3.96
262,2/24/2011 0:00,57,0.99,5,4.95
263,2/27/2011 0:00,4,0.99,1,0.99
263,2/27/2011 0:00,4,0.99,2,1.98
263,2/27/2011 0:00,4,0.99,2,1.98
263,2/27/2011 0:00,4,0.99,2,1.98
263,2/27/2011 0:00,4,0.99,3,2.97
263,2/27/2011 0:00,4,0.99,4,3.96
263,2/27/2011 0:00,4,0.99,4,3.96
263,2/27/2011 0:00,4,0.99,4,3.96
263,2/27/2011 0:00,4,0.99,5,4.95
264,3/3/2011 0:00,13,0.99,1,0.99
264,3/3/2011 0:00,13,0.99,2,1.98
264,3/3/2011 0:00,13,0.99,2,1.98
264,3/3/2011 0:00,13,0.99,3,2.97
264,3/3/2011 0:00,13,0.99,4,3.96
264,3/3/2011 0:00,13,0.99,4,3.96
264,3/3/2011 0:00,13,0.99,5,4.95
265,3/11/2011 0:00,27,0.99,2,1.98
267,3/24/2011 0:00,30,0.99,1,0.99
267,3/24/2011 0:00,30,0.99,3,2.97
266,3/24/2011 0:00,28,0.99,4,3.96
266,3/24/2011 0:00,28,0.99,5,4.95
268,3/25/2011 0:00,32,0.99,2,1.98
268,3/25/2011 0:00,32,0.99,2,1.98
268,3/25/2011 0:00,32,0.99,3,2.97
268,3/25/2011 0:00,32,0.99,3,2.97
269,3/26/2011 0:00,36,0.99,1,0.99
269,3/26/2011 0:00,36,0.99,3,2.97
269,3/26/2011 0:00,36,0.99,3,2.97
269,3/26/2011 0:00,36,0.99,4,3.96
269,3/26/2011 0:00,36,0.99,5,4.95
269,3/26/2011 0:00,36,0.99,5,4.95
270,3/29/2011 0:00,42,0.99,1,0.99
270,3/29/2011 0:00,42,0.99,1,0.99
270,3/29/2011 0:00,42,0.99,1,0.99
270,3/29/2011 0:00,42,0.99,2,1.98
270,3/29/2011 0:00,42,0.99,2,1.98
270,3/29/2011 0:00,42,0.99,4,3.96
270,3/29/2011 0:00,42,0.99,4,3.96
270,3/29/2011 0:00,42,0.99,4,3.96
270,3/29/2011 0:00,42,0.99,5,4.95
271,4/3/2011 0:00,51,0.99,1,0.99
271,4/3/2011 0:00,51,0.99,1,0.99
271,4/3/2011 0:00,51,0.99,1,0.99
271,4/3/2011 0:00,51,0.99,1,0.99
271,4/3/2011 0:00,51,0.99,2,1.98
271,4/3/2011 0:00,51,0.99,2,1.98
271,4/3/2011 0:00,51,0.99,2,1.98
271,4/3/2011 0:00,51,0.99,3,2.97
271,4/3/2011 0:00,51,0.99,4,3.96
271,4/3/2011 0:00,51,0.99,4,3.96
271,4/3/2011 0:00,51,0.99,4,3.96
271,4/3/2011 0:00,51,0.99,4,3.96
271,4/3/2011 0:00,51,0.99,5,4.95
271,4/3/2011 0:00,51,0.99,5,4.95
272,4/11/2011 0:00,6,0.99,4,3.96
274,4/24/2011 0:00,9,0.99,2,1.98
273,4/24/2011 0:00,7,0.99,4,3.96
273,4/24/2011 0:00,7,0.99,5,4.95
274,4/24/2011 0:00,9,0.99,5,4.95
275,4/25/2011 0:00,11,0.99,1,0.99
275,4/25/2011 0:00,11,0.99,1,0.99
275,4/25/2011 0:00,11,0.99,2,1.98
275,4/25/2011 0:00,11,0.99,2,1.98
276,4/26/2011 0:00,15,0.99,2,1.98
276,4/26/2011 0:00,15,0.99,2,1.98
276,4/26/2011 0:00,15,0.99,3,2.97
276,4/26/2011 0:00,15,0.99,4,3.96
276,4/26/2011 0:00,15,0.99,5,4.95
276,4/26/2011 0:00,15,0.99,5,4.95
277,4/29/2011 0:00,21,0.99,1,0.99
277,4/29/2011 0:00,21,0.99,3,2.97
277,4/29/2011 0:00,21,0.99,3,2.97
277,4/29/2011 0:00,21,0.99,4,3.96
277,4/29/2011 0:00,21,0.99,5,4.95
277,4/29/2011 0:00,21,0.99,5,4.95
277,4/29/2011 0:00,21,0.99,5,4.95
277,4/29/2011 0:00,21,0.99,5,4.95
277,4/29/2011 0:00,21,0.99,5,4.95
278,5/4/2011 0:00,30,0.99,1,0.99
278,5/4/2011 0:00,30,0.99,2,1.98
278,5/4/2011 0:00,30,0.99,3,2.97
278,5/4/2011 0:00,30,0.99,3,2.97
278,5/4/2011 0:00,30,0.99,4,3.96
278,5/4/2011 0:00,30,0.99,4,3.96
278,5/4/2011 0:00,30,0.99,4,3.96
278,5/4/2011 0:00,30,0.99,4,3.96
278,5/4/2011 0:00,30,0.99,4,3.96
278,5/4/2011 0:00,30,0.99,4,3.96
278,5/4/2011 0:00,30,0.99,4,3.96
278,5/4/2011 0:00,30,0.99,5,4.95
278,5/4/2011 0:00,30,0.99,5,4.95
278,5/4/2011 0:00,30,0.99,5,4.95
279,5/12/2011 0:00,44,0.99,5,4.95
281,5/25/2011 0:00,47,0.99,3,2.97
280,5/25/2011 0:00,45,0.99,5,4.95
280,5/25/2011 0:00,45,0.99,5,4.95
281,5/25/2011 0:00,47,0.99,5,4.95
282,5/26/2011 0:00,49,0.99,3,2.97
282,5/26/2011 0:00,49,0.99,4,3.96
282,5/26/2011 0:00,49,0.99,4,3.96
282,5/26/2011 0:00,49,0.99,5,4.95
283,5/27/2011 0:00,53,0.99,1,0.99
283,5/27/2011 0:00,53,0.99,1,0.99
283,5/27/2011 0:00,53,0.99,2,1.98
283,5/27/2011 0:00,53,0.99,2,1.98
283,5/27/2011 0:00,53,0.99,2,1.98
283,5/27/2011 0:00,53,0.99,2,1.98
284,5/30/2011 0:00,59,0.99,1,0.99
284,5/30/2011 0:00,59,0.99,1,0.99
284,5/30/2011 0:00,59,0.99,1,0.99
284,5/30/2011 0:00,59,0.99,1,0.99
284,5/30/2011 0:00,59,0.99,2,1.98
284,5/30/2011 0:00,59,0.99,3,2.97
284,5/30/2011 0:00,59,0.99,4,3.96
284,5/30/2011 0:00,59,0.99,4,3.96
284,5/30/2011 0:00,59,0.99,5,4.95
285,6/4/2011 0:00,9,0.99,1,0.99
285,6/4/2011 0:00,9,0.99,1,0.99
285,6/4/2011 0:00,9,0.99,1,0.99
285,6/4/2011 0:00,9,0.99,2,1.98
285,6/4/2011 0:00,9,0.99,2,1.98
285,6/4/2011 0:00,9,0.99,2,1.98
285,6/4/2011 0:00,9,0.99,2,1.98
285,6/4/2011 0:00,9,0.99,2,1.98
285,6/4/2011 0:00,9,0.99,3,2.97
285,6/4/2011 0:00,9,0.99,3,2.97
285,6/4/2011 0:00,9,0.99,4,3.96
285,6/4/2011 0:00,9,0.99,5,4.95
285,6/4/2011 0:00,9,0.99,5,4.95
285,6/4/2011 0:00,9,0.99,5,4.95
286,6/12/2011 0:00,23,0.99,1,0.99
288,6/25/2011 0:00,26,0.99,1,0.99
287,6/25/2011 0:00,24,0.99,2,1.98
287,6/25/2011 0:00,24,0.99,3,2.97
288,6/25/2011 0:00,26,0.99,3,2.97
289,6/26/2011 0:00,28,0.99,3,2.97
289,6/26/2011 0:00,28,0.99,3,2.97
289,6/26/2011 0:00,28,0.99,3,2.97
289,6/26/2011 0:00,28,0.99,4,3.96
290,6/27/2011 0:00,32,0.99,1,0.99
290,6/27/2011 0:00,32,0.99,1,0.99
290,6/27/2011 0:00,32,0.99,1,0.99
290,6/27/2011 0:00,32,0.99,3,2.97
290,6/27/2011 0:00,32,0.99,3,2.97
290,6/27/2011 0:00,32,0.99,4,3.96
291,6/30/2011 0:00,38,0.99,1,0.99
291,6/30/2011 0:00,38,0.99,1,0.99
291,6/30/2011 0:00,38,0.99,1,0.99
291,6/30/2011 0:00,38,0.99,2,1.98
291,6/30/2011 0:00,38,0.99,2,1.98
291,6/30/2011 0:00,38,0.99,2,1.98
291,6/30/2011 0:00,38,0.99,2,1.98
291,6/30/2011 0:00,38,0.99,3,2.97
291,6/30/2011 0:00,38,0.99,5,4.95
292,7/5/2011 0:00,47,0.99,1,0.99
292,7/5/2011 0:00,47,0.99,1,0.99
292,7/5/2011 0:00,47,0.99,1,0.99
292,7/5/2011 0:00,47,0.99,1,0.99
292,7/5/2011 0:00,47,0.99,1,0.99
292,7/5/2011 0:00,47,0.99,1,0.99
292,7/5/2011 0:00,47,0.99,1,0.99
292,7/5/2011 0:00,47,0.99,3,2.97
292,7/5/2011 0:00,47,0.99,4,3.96
292,7/5/2011 0:00,47,0.99,5,4.95
292,7/5/2011 0:00,47,0.99,5,4.95
292,7/5/2011 0:00,47,0.99,5,4.95
292,7/5/2011 0:00,47,0.99,5,4.95
292,7/5/2011 0:00,47,0.99,5,4.95
293,7/13/2011 0:00,2,0.99,5,4.95
295,7/26/2011 0:00,5,0.99,1,0.99
294,7/26/2011 0:00,3,0.99,1,0.99
294,7/26/2011 0:00,3,0.99,2,1.98
295,7/26/2011 0:00,5,0.99,5,4.95
296,7/27/2011 0:00,7,0.99,1,0.99
296,7/27/2011 0:00,7,0.99,4,3.96
296,7/27/2011 0:00,7,0.99,5,4.95
296,7/27/2011 0:00,7,0.99,5,4.95
297,7/28/2011 0:00,11,0.99,1,0.99
297,7/28/2011 0:00,11,0.99,1,0.99
297,7/28/2011 0:00,11,0.99,1,0.99
297,7/28/2011 0:00,11,0.99,1,0.99
297,7/28/2011 0:00,11,0.99,3,2.97
297,7/28/2011 0:00,11,0.99,5,4.95
298,7/31/2011 0:00,17,0.99,1,0.99
298,7/31/2011 0:00,17,0.99,4,3.96
298,7/31/2011 0:00,17,0.99,5,4.95
298,7/31/2011 0:00,17,1.99,3,5.97
299,8/5/2011 0:00,26,0.99,2,1.98
299,8/5/2011 0:00,26,0.99,3,2.97
299,8/5/2011 0:00,26,0.99,3,2.97
299,8/5/2011 0:00,26,0.99,5,4.95
299,8/5/2011 0:00,26,1.99,1,1.99
299,8/5/2011 0:00,26,1.99,1,1.99
299,8/5/2011 0:00,26,1.99,1,1.99
299,8/5/2011 0:00,26,1.99,2,3.98
299,8/5/2011 0:00,26,1.99,2,3.98
299,8/5/2011 0:00,26,1.99,4,7.96
299,8/5/2011 0:00,26,1.99,4,7.96
299,8/5/2011 0:00,26,1.99,5,9.95
300,8/13/2011 0:00,40,0.99,1,0.99
301,8/26/2011 0:00,41,0.99,1,0.99
301,8/26/2011 0:00,41,0.99,2,1.98
302,8/26/2011 0:00,43,0.99,4,3.96
302,8/26/2011 0:00,43,0.99,5,4.95
303,8/27/2011 0:00,45,0.99,2,1.98
303,8/27/2011 0:00,45,0.99,3,2.97
303,8/27/2011 0:00,45,0.99,4,3.96
303,8/27/2011 0:00,45,0.99,5,4.95
304,8/28/2011 0:00,49,0.99,1,0.99
304,8/28/2011 0:00,49,0.99,2,1.98
304,8/28/2011 0:00,49,0.99,2,1.98
304,8/28/2011 0:00,49,0.99,3,2.97
304,8/28/2011 0:00,49,0.99,4,3.96
304,8/28/2011 0:00,49,0.99,5,4.95
305,8/31/2011 0:00,55,0.99,1,0.99
305,8/31/2011 0:00,55,0.99,1,0.99
305,8/31/2011 0:00,55,0.99,1,0.99
305,8/31/2011 0:00,55,0.99,2,1.98
305,8/31/2011 0:00,55,0.99,2,1.98
305,8/31/2011 0:00,55,0.99,3,2.97
305,8/31/2011 0:00,55,0.99,4,3.96
305,8/31/2011 0:00,55,0.99,4,3.96
305,8/31/2011 0:00,55,0.99,4,3.96
306,9/5/2011 0:00,5,0.99,1,0.99
306,9/5/2011 0:00,5,0.99,1,0.99
306,9/5/2011 0:00,5,0.99,2,1.98
306,9/5/2011 0:00,5,0.99,2,1.98
306,9/5/2011 0:00,5,0.99,2,1.98
306,9/5/2011 0:00,5,0.99,3,2.97
306,9/5/2011 0:00,5,0.99,3,2.97
306,9/5/2011 0:00,5,0.99,3,2.97
306,9/5/2011 0:00,5,0.99,3,2.97
306,9/5/2011 0:00,5,0.99,4,3.96
306,9/5/2011 0:00,5,0.99,4,3.96
306,9/5/2011 0:00,5,1.99,2,3.98
306,9/5/2011 0:00,5,1.99,2,3.98
306,9/5/2011 0:00,5,1.99,5,9.95
307,9/13/2011 0:00,19,1.99,5,9.95
309,9/26/2011 0:00,22,1.99,1,1.99
308,9/26/2011 0:00,20,1.99,2,3.98
309,9/26/2011 0:00,22,1.99,4,7.96
308,9/26/2011 0:00,20,1.99,5,9.95
310,9/27/2011 0:00,24,1.99,3,5.97
310,9/27/2011 0:00,24,1.99,4,7.96
310,9/27/2011 0:00,24,1.99,4,7.96
310,9/27/2011 0:00,24,1.99,5,9.95
311,9/28/2011 0:00,28,1.99,1,1.99
311,9/28/2011 0:00,28,1.99,1,1.99
311,9/28/2011 0:00,28,1.99,1,1.99
311,9/28/2011 0:00,28,1.99,2,3.98
311,9/28/2011 0:00,28,1.99,5,9.95
311,9/28/2011 0:00,28,1.99,5,9.95
312,10/1/2011 0:00,34,0.99,1,0.99
312,10/1/2011 0:00,34,0.99,1,0.99
312,10/1/2011 0:00,34,0.99,2,1.98
312,10/1/2011 0:00,34,0.99,3,2.97
312,10/1/2011 0:00,34,0.99,4,3.96
312,10/1/2011 0:00,34,0.99,4,3.96
312,10/1/2011 0:00,34,0.99,5,4.95
312,10/1/2011 0:00,34,1.99,1,1.99
312,10/1/2011 0:00,34,1.99,3,5.97
313,10/6/2011 0:00,43,0.99,1,0.99
313,10/6/2011 0:00,43,0.99,1,0.99
313,10/6/2011 0:00,43,0.99,5,4.95
313,10/6/2011 0:00,43,0.99,5,4.95
313,10/6/2011 0:00,43,0.99,5,4.95
313,10/6/2011 0:00,43,0.99,1,0.99
313,10/6/2011 0:00,43,0.99,3,2.97
313,10/6/2011 0:00,43,0.99,3,2.97
313,10/6/2011 0:00,43,0.99,3,2.97
313,10/6/2011 0:00,43,0.99,3,2.97
313,10/6/2011 0:00,43,0.99,4,3.96
313,10/6/2011 0:00,43,1.99,2,3.98
313,10/6/2011 0:00,43,1.99,2,3.98
313,10/6/2011 0:00,43,1.99,5,9.95
314,10/14/2011 0:00,57,0.99,5,4.95
315,10/27/2011 0:00,58,0.99,1,0.99
315,10/27/2011 0:00,58,0.99,1,0.99
316,10/27/2011 0:00,1,0.99,4,3.96
316,10/27/2011 0:00,1,0.99,5,4.95
317,10/28/2011 0:00,3,0.99,1,0.99
317,10/28/2011 0:00,3,0.99,2,1.98
317,10/28/2011 0:00,3,0.99,5,4.95
317,10/28/2011 0:00,3,0.99,5,4.95
318,10/29/2011 0:00,7,0.99,1,0.99
318,10/29/2011 0:00,7,0.99,2,1.98
318,10/29/2011 0:00,7,0.99,2,1.98
318,10/29/2011 0:00,7,0.99,3,2.97
318,10/29/2011 0:00,7,0.99,4,3.96
318,10/29/2011 0:00,7,0.99,5,4.95
319,11/1/2011 0:00,13,0.99,2,1.98
319,11/1/2011 0:00,13,0.99,4,3.96
319,11/1/2011 0:00,13,0.99,5,4.95
319,11/1/2011 0:00,13,0.99,1,0.99
319,11/1/2011 0:00,13,0.99,1,0.99
319,11/1/2011 0:00,13,0.99,1,0.99
319,11/1/2011 0:00,13,0.99,2,1.98
319,11/1/2011 0:00,13,0.99,3,2.97
319,11/1/2011 0:00,13,0.99,4,3.96
320,11/6/2011 0:00,22,0.99,1,0.99
320,11/6/2011 0:00,22,0.99,1,0.99
320,11/6/2011 0:00,22,0.99,1,0.99
320,11/6/2011 0:00,22,0.99,1,0.99
320,11/6/2011 0:00,22,0.99,1,0.99
320,11/6/2011 0:00,22,0.99,1,0.99
320,11/6/2011 0:00,22,0.99,2,1.98
320,11/6/2011 0:00,22,0.99,2,1.98
320,11/6/2011 0:00,22,0.99,2,1.98
320,11/6/2011 0:00,22,0.99,2,1.98
320,11/6/2011 0:00,22,0.99,2,1.98
320,11/6/2011 0:00,22,0.99,3,2.97
320,11/6/2011 0:00,22,0.99,4,3.96
320,11/6/2011 0:00,22,0.99,5,4.95
321,11/14/2011 0:00,36,0.99,4,3.96
322,11/27/2011 0:00,37,0.99,2,1.98
323,11/27/2011 0:00,39,0.99,3,2.97
322,11/27/2011 0:00,37,0.99,3,2.97
323,11/27/2011 0:00,39,0.99,5,4.95
324,11/28/2011 0:00,41,0.99,1,0.99
324,11/28/2011 0:00,41,0.99,1,0.99
324,11/28/2011 0:00,41,0.99,2,1.98
324,11/28/2011 0:00,41,0.99,4,3.96
325,11/29/2011 0:00,45,0.99,1,0.99
325,11/29/2011 0:00,45,0.99,3,2.97
325,11/29/2011 0:00,45,0.99,4,3.96
325,11/29/2011 0:00,45,0.99,4,3.96
325,11/29/2011 0:00,45,0.99,5,4.95
325,11/29/2011 0:00,45,0.99,5,4.95
326,12/2/2011 0:00,51,0.99,1,0.99
326,12/2/2011 0:00,51,0.99,2,1.98
326,12/2/2011 0:00,51,0.99,2,1.98
326,12/2/2011 0:00,51,0.99,2,1.98
326,12/2/2011 0:00,51,0.99,2,1.98
326,12/2/2011 0:00,51,0.99,2,1.98
326,12/2/2011 0:00,51,0.99,3,2.97
326,12/2/2011 0:00,51,0.99,4,3.96
326,12/2/2011 0:00,51,0.99,5,4.95
327,12/7/2011 0:00,1,0.99,1,0.99
327,12/7/2011 0:00,1,0.99,1,0.99
327,12/7/2011 0:00,1,0.99,1,0.99
327,12/7/2011 0:00,1,0.99,2,1.98
327,12/7/2011 0:00,1,0.99,2,1.98
327,12/7/2011 0:00,1,0.99,2,1.98
327,12/7/2011 0:00,1,0.99,2,1.98
327,12/7/2011 0:00,1,0.99,2,1.98
327,12/7/2011 0:00,1,0.99,2,1.98
327,12/7/2011 0:00,1,0.99,3,2.97
327,12/7/2011 0:00,1,0.99,3,2.97
327,12/7/2011 0:00,1,0.99,4,3.96
327,12/7/2011 0:00,1,0.99,5,4.95
327,12/7/2011 0:00,1,0.99,5,4.95
328,12/15/2011 0:00,15,0.99,4,3.96
330,12/28/2011 0:00,18,0.99,1,0.99
329,12/28/2011 0:00,16,0.99,2,1.98
330,12/28/2011 0:00,18,0.99,3,2.97
329,12/28/2011 0:00,16,0.99,5,4.95
331,12/29/2011 0:00,20,0.99,1,0.99
331,12/29/2011 0:00,20,0.99,3,2.97
331,12/29/2011 0:00,20,0.99,4,3.96
331,12/29/2011 0:00,20,0.99,5,4.95
332,12/30/2011 0:00,24,0.99,1,0.99
332,12/30/2011 0:00,24,0.99,2,1.98
332,12/30/2011 0:00,24,0.99,2,1.98
332,12/30/2011 0:00,24,0.99,3,2.97
332,12/30/2011 0:00,24,0.99,3,2.97
332,12/30/2011 0:00,24,0.99,5,4.95
333,1/2/2012 0:00,30,0.99,1,0.99
333,1/2/2012 0:00,30,0.99,1,0.99
333,1/2/2012 0:00,30,0.99,1,0.99
333,1/2/2012 0:00,30,0.99,1,0.99
333,1/2/2012 0:00,30,0.99,3,2.97
333,1/2/2012 0:00,30,0.99,3,2.97
333,1/2/2012 0:00,30,0.99,4,3.96
333,1/2/2012 0:00,30,0.99,5,4.95
333,1/2/2012 0:00,30,0.99,5,4.95
334,1/7/2012 0:00,39,0.99,1,0.99
334,1/7/2012 0:00,39,0.99,1,0.99
334,1/7/2012 0:00,39,0.99,2,1.98
334,1/7/2012 0:00,39,0.99,2,1.98
334,1/7/2012 0:00,39,0.99,2,1.98
334,1/7/2012 0:00,39,0.99,2,1.98
334,1/7/2012 0:00,39,0.99,3,2.97
334,1/7/2012 0:00,39,0.99,3,2.97
334,1/7/2012 0:00,39,0.99,4,3.96
334,1/7/2012 0:00,39,0.99,4,3.96
334,1/7/2012 0:00,39,0.99,4,3.96
334,1/7/2012 0:00,39,0.99,4,3.96
334,1/7/2012 0:00,39,0.99,4,3.96
334,1/7/2012 0:00,39,0.99,5,4.95
335,1/15/2012 0:00,53,0.99,4,3.96
336,1/28/2012 0:00,54,0.99,1,0.99
337,1/28/2012 0:00,56,0.99,3,2.97
337,1/28/2012 0:00,56,0.99,4,3.96
336,1/28/2012 0:00,54,0.99,5,4.95
338,1/29/2012 0:00,58,0.99,3,2.97
338,1/29/2012 0:00,58,0.99,3,2.97
338,1/29/2012 0:00,58,0.99,3,2.97
338,1/29/2012 0:00,58,0.99,4,3.96
339,1/30/2012 0:00,3,0.99,1,0.99
339,1/30/2012 0:00,3,0.99,2,1.98
339,1/30/2012 0:00,3,0.99,2,1.98
339,1/30/2012 0:00,3,0.99,2,1.98
339,1/30/2012 0:00,3,0.99,3,2.97
339,1/30/2012 0:00,3,0.99,5,4.95
340,2/2/2012 0:00,9,0.99,1,0.99
340,2/2/2012 0:00,9,0.99,2,1.98
340,2/2/2012 0:00,9,0.99,2,1.98
340,2/2/2012 0:00,9,0.99,2,1.98
340,2/2/2012 0:00,9,0.99,4,3.96
340,2/2/2012 0:00,9,0.99,4,3.96
340,2/2/2012 0:00,9,0.99,4,3.96
340,2/2/2012 0:00,9,0.99,4,3.96
340,2/2/2012 0:00,9,0.99,5,4.95
341,2/7/2012 0:00,18,0.99,1,0.99
341,2/7/2012 0:00,18,0.99,1,0.99
341,2/7/2012 0:00,18,0.99,1,0.99
341,2/7/2012 0:00,18,0.99,1,0.99
341,2/7/2012 0:00,18,0.99,2,1.98
341,2/7/2012 0:00,18,0.99,2,1.98
341,2/7/2012 0:00,18,0.99,2,1.98
341,2/7/2012 0:00,18,0.99,2,1.98
341,2/7/2012 0:00,18,0.99,3,2.97
341,2/7/2012 0:00,18,0.99,4,3.96
341,2/7/2012 0:00,18,0.99,4,3.96
341,2/7/2012 0:00,18,0.99,4,3.96
341,2/7/2012 0:00,18,0.99,5,4.95
341,2/7/2012 0:00,18,0.99,5,4.95
342,2/15/2012 0:00,32,0.99,5,4.95
343,2/28/2012 0:00,33,0.99,2,1.98
344,2/28/2012 0:00,35,0.99,4,3.96
344,2/28/2012 0:00,35,0.99,5,4.95
343,2/28/2012 0:00,33,0.99,5,4.95
345,3/1/2012 0:00,37,0.99,1,0.99
345,3/1/2012 0:00,37,0.99,2,1.98
345,3/1/2012 0:00,37,0.99,3,2.97
345,3/1/2012 0:00,37,0.99,5,4.95
346,3/2/2012 0:00,41,0.99,1,0.99
346,3/2/2012 0:00,41,0.99,2,1.98
346,3/2/2012 0:00,41,0.99,3,2.97
346,3/2/2012 0:00,41,0.99,4,3.96
346,3/2/2012 0:00,41,0.99,4,3.96
346,3/2/2012 0:00,41,0.99,5,4.95
347,3/5/2012 0:00,47,0.99,1,0.99
347,3/5/2012 0:00,47,0.99,1,0.99
347,3/5/2012 0:00,47,0.99,2,1.98
347,3/5/2012 0:00,47,0.99,2,1.98
347,3/5/2012 0:00,47,0.99,2,1.98
347,3/5/2012 0:00,47,0.99,3,2.97
347,3/5/2012 0:00,47,0.99,3,2.97
347,3/5/2012 0:00,47,0.99,3,2.97
347,3/5/2012 0:00,47,0.99,5,4.95
348,3/10/2012 0:00,56,0.99,1,0.99
348,3/10/2012 0:00,56,0.99,1,0.99
348,3/10/2012 0:00,56,0.99,1,0.99
348,3/10/2012 0:00,56,0.99,1,0.99
348,3/10/2012 0:00,56,0.99,2,1.98
348,3/10/2012 0:00,56,0.99,2,1.98
348,3/10/2012 0:00,56,0.99,3,2.97
348,3/10/2012 0:00,56,0.99,3,2.97
348,3/10/2012 0:00,56,0.99,4,3.96
348,3/10/2012 0:00,56,0.99,4,3.96
348,3/10/2012 0:00,56,0.99,4,3.96
348,3/10/2012 0:00,56,0.99,5,4.95
348,3/10/2012 0:00,56,0.99,5,4.95
348,3/10/2012 0:00,56,0.99,5,4.95
349,3/18/2012 0:00,11,0.99,1,0.99
351,3/31/2012 0:00,14,0.99,2,1.98
351,3/31/2012 0:00,14,0.99,2,1.98
350,3/31/2012 0:00,12,0.99,3,2.97
350,3/31/2012 0:00,12,0.99,3,2.97
352,4/1/2012 0:00,16,0.99,1,0.99
352,4/1/2012 0:00,16,0.99,2,1.98
352,4/1/2012 0:00,16,0.99,3,2.97
352,4/1/2012 0:00,16,0.99,4,3.96
353,4/2/2012 0:00,20,0.99,2,1.98
353,4/2/2012 0:00,20,0.99,2,1.98
353,4/2/2012 0:00,20,0.99,5,4.95
353,4/2/2012 0:00,20,0.99,5,4.95
353,4/2/2012 0:00,20,0.99,5,4.95
353,4/2/2012 0:00,20,0.99,5,4.95
354,4/5/2012 0:00,26,0.99,1,0.99
354,4/5/2012 0:00,26,0.99,1,0.99
354,4/5/2012 0:00,26,0.99,2,1.98
354,4/5/2012 0:00,26,0.99,4,3.96
354,4/5/2012 0:00,26,0.99,5,4.95
354,4/5/2012 0:00,26,0.99,1,0.99
354,4/5/2012 0:00,26,0.99,1,0.99
354,4/5/2012 0:00,26,0.99,4,3.96
354,4/5/2012 0:00,26,0.99,5,4.95
355,4/10/2012 0:00,35,0.99,1,0.99
355,4/10/2012 0:00,35,0.99,1,0.99
355,4/10/2012 0:00,35,0.99,1,0.99
355,4/10/2012 0:00,35,0.99,1,0.99
355,4/10/2012 0:00,35,0.99,1,0.99
355,4/10/2012 0:00,35,0.99,2,1.98
355,4/10/2012 0:00,35,0.99,2,1.98
355,4/10/2012 0:00,35,0.99,3,2.97
355,4/10/2012 0:00,35,0.99,3,2.97
355,4/10/2012 0:00,35,0.99,4,3.96
355,4/10/2012 0:00,35,0.99,4,3.96
355,4/10/2012 0:00,35,0.99,4,3.96
355,4/10/2012 0:00,35,0.99,5,4.95
355,4/10/2012 0:00,35,0.99,5,4.95
356,4/18/2012 0:00,49,0.99,2,1.98
358,5/1/2012 0:00,52,0.99,2,1.98
357,5/1/2012 0:00,50,0.99,4,3.96
357,5/1/2012 0:00,50,0.99,5,4.95
358,5/1/2012 0:00,52,0.99,5,4.95
359,5/2/2012 0:00,54,0.99,2,1.98
359,5/2/2012 0:00,54,0.99,2,1.98
359,5/2/2012 0:00,54,0.99,2,1.98
359,5/2/2012 0:00,54,0.99,4,3.96
360,5/3/2012 0:00,58,0.99,1,0.99
360,5/3/2012 0:00,58,0.99,3,2.97
360,5/3/2012 0:00,58,0.99,4,3.96
360,5/3/2012 0:00,58,0.99,4,3.96
360,5/3/2012 0:00,58,0.99,5,4.95
360,5/3/2012 0:00,58,0.99,5,4.95
361,5/6/2012 0:00,5,0.99,1,0.99
361,5/6/2012 0:00,5,0.99,2,1.98
361,5/6/2012 0:00,5,0.99,4,3.96
361,5/6/2012 0:00,5,0.99,4,3.96
361,5/6/2012 0:00,5,0.99,5,4.95
361,5/6/2012 0:00,5,0.99,5,4.95
361,5/6/2012 0:00,5,0.99,5,4.95
362,5/11/2012 0:00,14,0.99,1,0.99
362,5/11/2012 0:00,14,0.99,1,0.99
362,5/11/2012 0:00,14,0.99,1,0.99
362,5/11/2012 0:00,14,0.99,1,0.99
362,5/11/2012 0:00,14,0.99,2,1.98
362,5/11/2012 0:00,14,0.99,3,2.97
362,5/11/2012 0:00,14,0.99,4,3.96
362,5/11/2012 0:00,14,0.99,4,3.96
362,5/11/2012 0:00,14,0.99,5,4.95
363,5/19/2012 0:00,28,0.99,5,4.95
365,6/1/2012 0:00,31,0.99,1,0.99
364,6/1/2012 0:00,29,0.99,3,2.97
365,6/1/2012 0:00,31,0.99,5,4.95
364,6/1/2012 0:00,29,0.99,5,4.95
366,6/2/2012 0:00,33,0.99,1,0.99
366,6/2/2012 0:00,33,0.99,2,1.98
366,6/2/2012 0:00,33,0.99,3,2.97
366,6/2/2012 0:00,33,0.99,5,4.95
367,6/3/2012 0:00,37,0.99,2,1.98
367,6/3/2012 0:00,37,0.99,2,1.98
367,6/3/2012 0:00,37,0.99,2,1.98
367,6/3/2012 0:00,37,0.99,2,1.98
367,6/3/2012 0:00,37,0.99,4,3.96
367,6/3/2012 0:00,37,0.99,5,4.95
368,6/6/2012 0:00,43,0.99,2,1.98
368,6/6/2012 0:00,43,0.99,2,1.98
368,6/6/2012 0:00,43,0.99,2,1.98
368,6/6/2012 0:00,43,0.99,2,1.98
368,6/6/2012 0:00,43,0.99,2,1.98
368,6/6/2012 0:00,43,0.99,5,4.95
368,6/6/2012 0:00,43,0.99,5,4.95
368,6/6/2012 0:00,43,0.99,5,4.95
368,6/6/2012 0:00,43,0.99,5,4.95
369,6/11/2012 0:00,52,0.99,1,0.99
369,6/11/2012 0:00,52,0.99,1,0.99
369,6/11/2012 0:00,52,0.99,1,0.99
369,6/11/2012 0:00,52,0.99,1,0.99
369,6/11/2012 0:00,52,0.99,1,0.99
369,6/11/2012 0:00,52,0.99,2,1.98
369,6/11/2012 0:00,52,0.99,2,1.98
369,6/11/2012 0:00,52,0.99,3,2.97
369,6/11/2012 0:00,52,0.99,3,2.97
369,6/11/2012 0:00,52,0.99,3,2.97
369,6/11/2012 0:00,52,0.99,3,2.97
369,6/11/2012 0:00,52,0.99,3,2.97
369,6/11/2012 0:00,52,0.99,4,3.96
369,6/11/2012 0:00,52,0.99,5,4.95
370,6/19/2012 0:00,7,0.99,4,3.96
371,7/2/2012 0:00,8,0.99,4,3.96
372,7/2/2012 0:00,10,0.99,4,3.96
371,7/2/2012 0:00,8,0.99,5,4.95
372,7/2/2012 0:00,10,0.99,5,4.95
373,7/3/2012 0:00,12,0.99,1,0.99
373,7/3/2012 0:00,12,0.99,2,1.98
373,7/3/2012 0:00,12,0.99,3,2.97
373,7/3/2012 0:00,12,0.99,3,2.97
374,7/4/2012 0:00,16,0.99,1,0.99
374,7/4/2012 0:00,16,0.99,1,0.99
374,7/4/2012 0:00,16,0.99,2,1.98
374,7/4/2012 0:00,16,0.99,3,2.97
374,7/4/2012 0:00,16,0.99,4,3.96
374,7/4/2012 0:00,16,0.99,5,4.95
375,7/7/2012 0:00,22,0.99,1,0.99
375,7/7/2012 0:00,22,0.99,1,0.99
375,7/7/2012 0:00,22,0.99,2,1.98
375,7/7/2012 0:00,22,0.99,2,1.98
375,7/7/2012 0:00,22,0.99,3,2.97
375,7/7/2012 0:00,22,0.99,4,3.96
375,7/7/2012 0:00,22,0.99,5,4.95
375,7/7/2012 0:00,22,0.99,5,4.95
375,7/7/2012 0:00,22,0.99,5,4.95
376,7/12/2012 0:00,31,0.99,1,0.99
376,7/12/2012 0:00,31,0.99,1,0.99
376,7/12/2012 0:00,31,0.99,1,0.99
376,7/12/2012 0:00,31,0.99,1,0.99
376,7/12/2012 0:00,31,0.99,3,2.97
376,7/12/2012 0:00,31,0.99,3,2.97
376,7/12/2012 0:00,31,0.99,3,2.97
376,7/12/2012 0:00,31,0.99,4,3.96
376,7/12/2012 0:00,31,0.99,4,3.96
376,7/12/2012 0:00,31,0.99,4,3.96
376,7/12/2012 0:00,31,0.99,5,4.95
376,7/12/2012 0:00,31,0.99,5,4.95
376,7/12/2012 0:00,31,0.99,5,4.95
376,7/12/2012 0:00,31,0.99,5,4.95
377,7/20/2012 0:00,45,0.99,5,4.95
379,8/2/2012 0:00,48,0.99,1,0.99
378,8/2/2012 0:00,46,0.99,3,2.97
378,8/2/2012 0:00,46,0.99,4,3.96
379,8/2/2012 0:00,48,0.99,4,3.96
380,8/3/2012 0:00,50,0.99,1,0.99
380,8/3/2012 0:00,50,0.99,3,2.97
380,8/3/2012 0:00,50,0.99,4,3.96
380,8/3/2012 0:00,50,0.99,5,4.95
381,8/4/2012 0:00,54,0.99,1,0.99
381,8/4/2012 0:00,54,0.99,1,0.99
381,8/4/2012 0:00,54,0.99,2,1.98
381,8/4/2012 0:00,54,0.99,4,3.96
381,8/4/2012 0:00,54,0.99,4,3.96
381,8/4/2012 0:00,54,0.99,5,4.95
382,8/7/2012 0:00,1,0.99,1,0.99
382,8/7/2012 0:00,1,0.99,2,1.98
382,8/7/2012 0:00,1,0.99,2,1.98
382,8/7/2012 0:00,1,0.99,4,3.96
382,8/7/2012 0:00,1,0.99,5,4.95
382,8/7/2012 0:00,1,0.99,5,4.95
382,8/7/2012 0:00,1,0.99,5,4.95
382,8/7/2012 0:00,1,0.99,5,4.95
382,8/7/2012 0:00,1,0.99,2,1.98
383,8/12/2012 0:00,10,0.99,1,0.99
383,8/12/2012 0:00,10,0.99,1,0.99
383,8/12/2012 0:00,10,0.99,3,2.97
383,8/12/2012 0:00,10,0.99,3,2.97
383,8/12/2012 0:00,10,0.99,3,2.97
383,8/12/2012 0:00,10,0.99,3,2.97
383,8/12/2012 0:00,10,0.99,3,2.97
383,8/12/2012 0:00,10,0.99,3,2.97
383,8/12/2012 0:00,10,0.99,3,2.97
383,8/12/2012 0:00,10,0.99,3,2.97
383,8/12/2012 0:00,10,0.99,4,3.96
383,8/12/2012 0:00,10,0.99,4,3.96
383,8/12/2012 0:00,10,0.99,4,3.96
383,8/12/2012 0:00,10,0.99,5,4.95
384,8/20/2012 0:00,24,0.99,2,1.98
386,9/2/2012 0:00,27,0.99,2,1.98
385,9/2/2012 0:00,25,0.99,4,3.96
385,9/2/2012 0:00,25,0.99,4,3.96
386,9/2/2012 0:00,27,0.99,5,4.95
387,9/3/2012 0:00,29,0.99,1,0.99
387,9/3/2012 0:00,29,0.99,2,1.98
387,9/3/2012 0:00,29,0.99,2,1.98
387,9/3/2012 0:00,29,0.99,3,2.97
388,9/4/2012 0:00,33,0.99,4,3.96
388,9/4/2012 0:00,33,0.99,4,3.96
388,9/4/2012 0:00,33,0.99,5,4.95
388,9/4/2012 0:00,33,0.99,5,4.95
388,9/4/2012 0:00,33,0.99,5,4.95
388,9/4/2012 0:00,33,0.99,5,4.95
389,9/7/2012 0:00,39,0.99,1,0.99
389,9/7/2012 0:00,39,0.99,1,0.99
389,9/7/2012 0:00,39,0.99,1,0.99
389,9/7/2012 0:00,39,0.99,3,2.97
389,9/7/2012 0:00,39,0.99,3,2.97
389,9/7/2012 0:00,39,0.99,3,2.97
389,9/7/2012 0:00,39,0.99,4,3.96
389,9/7/2012 0:00,39,0.99,5,4.95
389,9/7/2012 0:00,39,0.99,5,4.95
390,9/12/2012 0:00,48,0.99,1,0.99
390,9/12/2012 0:00,48,0.99,1,0.99
390,9/12/2012 0:00,48,0.99,1,0.99
390,9/12/2012 0:00,48,0.99,2,1.98
390,9/12/2012 0:00,48,0.99,2,1.98
390,9/12/2012 0:00,48,0.99,2,1.98
390,9/12/2012 0:00,48,0.99,2,1.98
390,9/12/2012 0:00,48,0.99,2,1.98
390,9/12/2012 0:00,48,0.99,3,2.97
390,9/12/2012 0:00,48,0.99,3,2.97
390,9/12/2012 0:00,48,0.99,3,2.97
390,9/12/2012 0:00,48,0.99,5,4.95
390,9/12/2012 0:00,48,0.99,5,4.95
390,9/12/2012 0:00,48,0.99,5,4.95
391,9/20/2012 0:00,3,0.99,1,0.99
393,10/3/2012 0:00,6,0.99,2,1.98
392,10/3/2012 0:00,4,0.99,2,1.98
392,10/3/2012 0:00,4,0.99,4,3.96
393,10/3/2012 0:00,6,0.99,5,4.95
394,10/4/2012 0:00,8,0.99,1,0.99
394,10/4/2012 0:00,8,0.99,3,2.97
394,10/4/2012 0:00,8,0.99,5,4.95
394,10/4/2012 0:00,8,0.99,5,4.95
395,10/5/2012 0:00,12,0.99,1,0.99
395,10/5/2012 0:00,12,0.99,1,0.99
395,10/5/2012 0:00,12,0.99,2,1.98
395,10/5/2012 0:00,12,0.99,4,3.96
395,10/5/2012 0:00,12,0.99,5,4.95
395,10/5/2012 0:00,12,0.99,5,4.95
396,10/8/2012 0:00,18,0.99,1,0.99
396,10/8/2012 0:00,18,0.99,2,1.98
396,10/8/2012 0:00,18,0.99,3,2.97
396,10/8/2012 0:00,18,0.99,4,3.96
396,10/8/2012 0:00,18,0.99,4,3.96
396,10/8/2012 0:00,18,0.99,4,3.96
396,10/8/2012 0:00,18,0.99,5,4.95
396,10/8/2012 0:00,18,0.99,5,4.95
396,10/8/2012 0:00,18,0.99,5,4.95
397,10/13/2012 0:00,27,0.99,1,0.99
397,10/13/2012 0:00,27,0.99,2,1.98
397,10/13/2012 0:00,27,0.99,2,1.98
397,10/13/2012 0:00,27,0.99,2,1.98
397,10/13/2012 0:00,27,0.99,2,1.98
397,10/13/2012 0:00,27,0.99,3,2.97
397,10/13/2012 0:00,27,0.99,3,2.97
397,10/13/2012 0:00,27,0.99,3,2.97
397,10/13/2012 0:00,27,0.99,3,2.97
397,10/13/2012 0:00,27,0.99,3,2.97
397,10/13/2012 0:00,27,0.99,4,3.96
397,10/13/2012 0:00,27,0.99,4,3.96
397,10/13/2012 0:00,27,0.99,4,3.96
397,10/13/2012 0:00,27,0.99,5,4.95
398,10/21/2012 0:00,41,0.99,4,3.96
399,11/3/2012 0:00,42,0.99,1,0.99
400,11/3/2012 0:00,44,0.99,2,1.98
400,11/3/2012 0:00,44,0.99,2,1.98
399,11/3/2012 0:00,42,0.99,4,3.96
401,11/4/2012 0:00,46,0.99,3,2.97
401,11/4/2012 0:00,46,0.99,4,3.96
401,11/4/2012 0:00,46,0.99,4,3.96
401,11/4/2012 0:00,46,0.99,5,4.95
402,11/5/2012 0:00,50,0.99,1,0.99
402,11/5/2012 0:00,50,0.99,2,1.98
402,11/5/2012 0:00,50,0.99,2,1.98
402,11/5/2012 0:00,50,0.99,4,3.96
402,11/5/2012 0:00,50,0.99,5,4.95
402,11/5/2012 0:00,50,0.99,5,4.95
403,11/8/2012 0:00,56,0.99,1,0.99
403,11/8/2012 0:00,56,0.99,3,2.97
403,11/8/2012 0:00,56,0.99,3,2.97
403,11/8/2012 0:00,56,0.99,3,2.97
403,11/8/2012 0:00,56,0.99,3,2.97
403,11/8/2012 0:00,56,0.99,3,2.97
403,11/8/2012 0:00,56,0.99,4,3.96
403,11/8/2012 0:00,56,0.99,4,3.96
403,11/8/2012 0:00,56,0.99,5,4.95
404,11/13/2012 0:00,6,0.99,2,1.98
404,11/13/2012 0:00,6,0.99,3,2.97
404,11/13/2012 0:00,6,1.99,1,1.99
404,11/13/2012 0:00,6,1.99,2,3.98
404,11/13/2012 0:00,6,1.99,2,3.98
404,11/13/2012 0:00,6,1.99,2,3.98
404,11/13/2012 0:00,6,1.99,3,5.97
404,11/13/2012 0:00,6,1.99,3,5.97
404,11/13/2012 0:00,6,1.99,3,5.97
404,11/13/2012 0:00,6,1.99,3,5.97
404,11/13/2012 0:00,6,1.99,3,5.97
404,11/13/2012 0:00,6,1.99,4,7.96
404,11/13/2012 0:00,6,1.99,4,7.96
404,11/13/2012 0:00,6,1.99,5,9.95
405,11/21/2012 0:00,20,0.99,1,0.99
406,12/4/2012 0:00,21,0.99,3,2.97
407,12/4/2012 0:00,23,0.99,4,3.96
407,12/4/2012 0:00,23,0.99,4,3.96
406,12/4/2012 0:00,21,0.99,4,3.96
408,12/5/2012 0:00,25,0.99,1,0.99
408,12/5/2012 0:00,25,0.99,1,0.99
408,12/5/2012 0:00,25,0.99,4,3.96
408,12/5/2012 0:00,25,0.99,5,4.95
409,12/6/2012 0:00,29,0.99,1,0.99
409,12/6/2012 0:00,29,0.99,2,1.98
409,12/6/2012 0:00,29,0.99,3,2.97
409,12/6/2012 0:00,29,0.99,3,2.97
409,12/6/2012 0:00,29,0.99,4,3.96
409,12/6/2012 0:00,29,0.99,4,3.96
410,12/9/2012 0:00,35,0.99,1,0.99
410,12/9/2012 0:00,35,0.99,2,1.98
410,12/9/2012 0:00,35,0.99,2,1.98
410,12/9/2012 0:00,35,0.99,3,2.97
410,12/9/2012 0:00,35,0.99,3,2.97
410,12/9/2012 0:00,35,0.99,3,2.97
410,12/9/2012 0:00,35,0.99,4,3.96
410,12/9/2012 0:00,35,0.99,4,3.96
410,12/9/2012 0:00,35,0.99,5,4.95
411,12/14/2012 0:00,44,0.99,1,0.99
411,12/14/2012 0:00,44,0.99,2,1.98
411,12/14/2012 0:00,44,0.99,3,2.97
411,12/14/2012 0:00,44,0.99,3,2.97
411,12/14/2012 0:00,44,0.99,3,2.97
411,12/14/2012 0:00,44,0.99,3,2.97
411,12/14/2012 0:00,44,0.99,3,2.97
411,12/14/2012 0:00,44,0.99,4,3.96
411,12/14/2012 0:00,44,0.99,4,3.96
411,12/14/2012 0:00,44,0.99,4,3.96
411,12/14/2012 0:00,44,0.99,4,3.96
411,12/14/2012 0:00,44,0.99,5,4.95
411,12/14/2012 0:00,44,0.99,5,4.95
411,12/14/2012 0:00,44,0.99,5,4.95
412,12/22/2012 0:00,58,1.99,2,3.98
